severity,roll_mse,pitch_mse,roll_rmse,pitch_rmse,roll_fcs_fluct,pitch_fcs_fluct
off,0.016764116690932036,0.01222215330364854,0.1294763171044498,0.11055384798209666,0.0023712762366330455,0.0024564678935799183
light,0.01795154989963928,0.01587909585401064,0.13398339411897014,0.12601228453611432,0.003692306564623216,0.004682834536836078
moderate,0.02149907646585017,0.02302884194043106,0.1466256337270198,0.1517525681510236,0.005061652876581443,0.00652665572928099
severe,0.07320290634950696,0.08082819488140744,0.2705603562045019,0.28430299836865497,0.006806920969516887,0.008269144144983656
