severity,roll_mse,pitch_mse,roll_rmse,pitch_rmse,roll_fcs_fluct,pitch_fcs_fluct
off,0.01395375004592824,0.010032109334629762,0.11812599225372983,0.10016041800346963,0.00393518102299936,0.030687526880084488
light,0.014729635106476008,0.011764697307058371,0.12136570811590895,0.10846518937916612,0.005623577666710023,0.029933246637831357
moderate,0.018232894204669406,0.019560739690335168,0.13502923462965125,0.1398597143223708,0.007951232859021932,0.031799543260490434
severe,0.06651557591645306,0.07555160580525129,0.2579061378029865,0.2748665236169208,0.01436559289077068,0.0332846628744253
