severity,roll_mse,pitch_mse,roll_rmse,pitch_rmse,roll_fcs_fluct,pitch_fcs_fluct
off,0.017639512321805162,0.013215538608740683,0.13281382579311976,0.11495885615619479,0.002814942233677485,0.002656058791754339
light,0.01963504079929503,0.016889299973084453,0.14012508982796418,0.12995883953423273,0.0038823141187719623,0.004163726239327044
moderate,0.025997148744111274,0.02435538074013537,0.16123631335437832,0.15606210539440818,0.005084657798131021,0.0057202555179208005
severe,0.07508028846779584,0.09037121553244966,0.2740078255594096,0.30061805589892576,0.007141137953316646,0.007829393108230744
