severity,roll_mse,pitch_mse,roll_rmse,pitch_rmse,roll_fcs_fluct,pitch_fcs_fluct
off,0.01632038972150504,0.01297508560344008,0.12775128070397196,0.11390823325572248,0.002743775373750566,0.0028299306080599557
light,0.017338453227123244,0.01625958782004429,0.13167556047772588,0.1275130888185377,0.004826661371486634,0.006105995891949572
moderate,0.02313761624080992,0.025713291903014815,0.1521105395454566,0.16035364636644472,0.0064144856291469075,0.00804430057111503
severe,0.0752008502874878,0.0791241992162403,0.2742277343513741,0.281290240172389,0.008500987550062155,0.010280935549312111
