severity,roll_mse,pitch_mse,roll_rmse,pitch_rmse,roll_fcs_fluct,pitch_fcs_fluct
off,0.005480329553593762,0.002918738001517937,0.07402924796047683,0.05402534591761479,0.0010781768106314362,0.0012120148953360206
light,0.006240670740939357,0.004543805434871614,0.07899791605440841,0.06740775500542659,0.0024616854553665443,0.004474615722336395
moderate,0.009809062584636458,0.00851950957653756,0.09904071175348275,0.09230118946437017,0.003834783070527777,0.007194361691962477
severe,0.06976358959534444,0.05071130718242927,0.2641279795768416,0.22519171206425265,0.013364608312999899,0.018314253950598117
