severity,roll_mse,pitch_mse,roll_rmse,pitch_rmse,roll_fcs_fluct,pitch_fcs_fluct
off,0.01272306955679521,0.004367604135719999,0.11279658486317398,0.06608785165005744,0.0009593572843984302,0.0009347835916339738
light,0.013486451736317033,0.005435189080339266,0.11613118330714207,0.07372373485072,0.002221148595049112,0.0024239552321728575
moderate,0.01318339331191022,0.010373027022337724,0.11481895885223058,0.10184805851039933,0.003426115174610688,0.0035171161617357687
severe,0.09114794565073248,0.05825462472647494,0.30190718052198173,0.2413599484721418,0.005161057420418566,0.004947130001291087
