severity,roll_mse,pitch_mse,roll_rmse,pitch_rmse,roll_fcs_fluct,pitch_fcs_fluct
off,0.005145025973100659,0.0022201387308707528,0.07172883641256604,0.0471183481339356,0.0008430543121864356,0.0006616232128501145
light,0.005357798888888765,0.003500722664990669,0.07319698688394738,0.05916690514967526,0.002090455125221366,0.0023870141586101504
moderate,0.0067069458228363335,0.006746730978474834,0.08189594509398089,0.08213848658500371,0.003236251282942268,0.003574034675570403
severe,0.045458494398739356,0.036211546140725456,0.21320997724951654,0.19029331606949693,0.0049555685192433085,0.005766880033374565
