severity,roll_mse,pitch_mse,roll_rmse,pitch_rmse,roll_fcs_fluct,pitch_fcs_fluct
off,0.005927003,0.0019629807,0.07698703,0.044305537,0.0009291921878955958,0.0009690354859913356
light,0.0068104896,0.003438428,0.08252569,0.05863811,0.002149923221655268,0.002718276170013345
moderate,0.009805948,0.0066038244,0.09902498,0.08126392,0.0032528443779323746,0.004434714039336422
severe,0.08129544,0.04656013,0.28512356,0.21577796,0.005711708911092456,0.008174531626796848
