severity,roll_mse,pitch_mse,roll_rmse,pitch_rmse,roll_fcs_fluct,pitch_fcs_fluct
off,0.018838635,0.009609793,0.13725391,0.098029554,0.001793786912454869,0.0018297528254736942
light,0.021836367,0.012711986,0.14777133,0.112747446,0.0030179129069274986,0.0034555059177102266
moderate,0.034284163,0.027057668,0.18515983,0.16449215,0.004032483182955477,0.0047814839430113
severe,0.0961086,0.07987233,0.31001386,0.28261694,0.006700850355708983,0.00806035123639685
