severity,roll_mse,pitch_mse,roll_rmse,pitch_rmse,roll_fcs_fluct,pitch_fcs_fluct
off,0.0008773523,0.00024113603,0.029620133,0.015528555,0.0004155157534962822,0.00039025864809491453
light,0.0016636204,0.0012932105,0.040787503,0.035961237,0.0016092520449977731,0.002588585400162929
moderate,0.003683045,0.003816286,0.060688097,0.061776098,0.002568954126645666,0.004263351484882473
severe,0.062105987,0.027735727,0.24921073,0.16654047,0.004402232011297493,0.007430741595530288
