severity,roll_mse,pitch_mse,roll_rmse,pitch_rmse,roll_fcs_fluct,pitch_fcs_fluct
off,0.0154253775,0.005417525,0.12419894,0.07360384,0.0008446515690897048,0.0006880577318702032
light,0.016116532,0.0070298035,0.1269509,0.083843924,0.0017577414669964406,0.0016908094279121358
moderate,0.017425464,0.012507887,0.13200554,0.11183866,0.0026254210771945357,0.0025245072732496088
severe,0.10247625,0.058945477,0.3201191,0.2427869,0.0038293441922519367,0.0035678432372763915
