severity,roll_mse,pitch_mse,roll_rmse,pitch_rmse,roll_fcs_fluct,pitch_fcs_fluct
off,0.0011131824,0.0018506605,0.03336439,0.043019306,0.0004039671165768368,0.0003172122328423771
light,0.0013778314,0.0028364062,0.03711915,0.053257924,0.002000931516674128,0.002476958940096185
moderate,0.0020226287,0.0047415,0.044973645,0.06885855,0.003034849232542908,0.0038780644310668923
severe,0.070847176,0.03004832,0.26617134,0.17334451,0.00452421077651177,0.006211652326131335
