severity,roll_mse,pitch_mse,roll_rmse,pitch_rmse,roll_fcs_fluct,pitch_fcs_fluct
off,0.014182055,0.0046135015,0.11908843,0.06792276,0.00083134616779457,0.0007342272903081223
light,0.014710334,0.0056672627,0.12128617,0.075281225,0.001957798675724704,0.0020568616762409748
moderate,0.014665131,0.010088378,0.12109967,0.10044092,0.00296589414770986,0.003006960647571939
severe,0.09482879,0.05696774,0.30794284,0.23867916,0.004358219558801339,0.004352944689830534
