severity,roll_mse,pitch_mse,roll_rmse,pitch_rmse,roll_fcs_fluct,pitch_fcs_fluct
off,0.007032688,0.0025645355,0.08386112,0.050641242,0.0007081147933340792,0.0005286266695744207
light,0.0067276433,0.00402227,0.08202221,0.06342137,0.001844229550335416,0.0021353366785674516
moderate,0.00831599,0.007038463,0.09119205,0.08389555,0.0028252732954034336,0.003137729434522214
severe,0.083560675,0.040464062,0.28906864,0.20115681,0.004545573286830557,0.004992938891590254
