severity,roll_mse,pitch_mse,roll_rmse,pitch_rmse,roll_fcs_fluct,pitch_fcs_fluct
off,0.00084155763,0.0010403928,0.029009612,0.03225512,0.0005548381150197189,0.0005618362054846371
light,0.0010654989,0.0015620395,0.03264198,0.039522644,0.0035479703746442025,0.006621802113508678
moderate,0.0014637728,0.00283653,0.038259283,0.053259086,0.005568420209512619,0.010324572411076165
severe,0.06802345,0.028019788,0.26081306,0.16739112,0.008926810774679226,0.016558628021678012
