severity,roll_mse,pitch_mse,roll_rmse,pitch_rmse,roll_fcs_fluct,pitch_fcs_fluct
off,0.0053433473,0.0019455467,0.073098205,0.044108354,0.0008206813096511314,0.0007428447426963596
light,0.0053992583,0.0030563085,0.073479645,0.05528389,0.0023057807081074693,0.0030965587361502524
moderate,0.006650149,0.005456284,0.081548445,0.073866665,0.0036528879739422247,0.004586030069379684
severe,0.060219433,0.036349807,0.24539648,0.19065626,0.005853374071056819,0.00718440758791288
