severity,roll_mse,pitch_mse,roll_rmse,pitch_rmse,roll_fcs_fluct,pitch_fcs_fluct
off,0.0012358176,0.002085869,0.035154197,0.045671314,0.000292806758657286,0.000250714059072098
light,0.0017327993,0.0040466343,0.041626908,0.06361316,0.0014854348580030166,0.0014638937728100915
moderate,0.0036744305,0.007587637,0.06061708,0.08710704,0.0023773149615857196,0.0022468212814775756
severe,0.086294875,0.037868224,0.29375988,0.1945976,0.003396057118301573,0.003702891641341045
