severity,roll_mse,pitch_mse,roll_rmse,pitch_rmse,roll_fcs_fluct,pitch_fcs_fluct
off,0.012743333,0.0036036738,0.11288638,0.060030606,0.000903169605346353,0.0009399127654161858
light,0.013564033,0.0044131936,0.116464734,0.06643187,0.0023706259105652208,0.002935781321722017
moderate,0.012735829,0.0075333454,0.11285313,0.086794846,0.0036856740861608817,0.004154661856063062
severe,0.086490534,0.04896621,0.29409274,0.2212831,0.005405329748229074,0.006188450281358487
