severity,roll_mse,pitch_mse,roll_rmse,pitch_rmse,roll_fcs_fluct,pitch_fcs_fluct
off,0.0008486658,0.001139268,0.029131869,0.033753045,0.0004299512462321977,0.0003718027876357348
light,0.0010586906,0.0017502196,0.032537527,0.041835625,0.0022857856918116473,0.002862355886352266
moderate,0.0016125066,0.0032123455,0.04015603,0.056677558,0.0034689875938001043,0.004510170865527759
severe,0.07360081,0.029124182,0.27129468,0.17065808,0.005326363462703527,0.007282533521628425
