severity,roll_mse,pitch_mse,roll_rmse,pitch_rmse,roll_fcs_fluct,pitch_fcs_fluct
off,0.0018959595,0.001340178,0.043542616,0.036608443,0.000319016217379796,0.0002696527038018721
light,0.0021828841,0.0023852251,0.046721347,0.04883877,0.0017008799399249202,0.0021035975756712993
moderate,0.0032983604,0.0048271646,0.057431355,0.0694778,0.0026357338338584215,0.003261025092258839
severe,0.078911476,0.03242468,0.28091186,0.18006854,0.00395018659923561,0.005212290232316493
