severity,roll_mse,pitch_mse,roll_rmse,pitch_rmse,roll_fcs_fluct,pitch_fcs_fluct
off,0.0121992305,0.0037904168,0.110450126,0.06156636,0.0011487362677030978,0.0014490531490277709
light,0.012728104,0.0047375704,0.112818904,0.06883001,0.003736970731381661,0.005941588597082195
moderate,0.011859147,0.0074771107,0.10889971,0.08647029,0.0056946518774861924,0.008269098873165764
severe,0.054655645,0.046907324,0.23378547,0.21658099,0.00865395530338669,0.012128056807962884
