severity,roll_mse,pitch_mse,roll_rmse,pitch_rmse,roll_fcs_fluct,pitch_fcs_fluct
off,0.0066410005,0.003182595,0.081492335,0.056414492,0.0007135313179412896,0.0004915330027491344
light,0.006876729,0.0054370495,0.08292604,0.073736355,0.0016494460078637823,0.001654897999647178
moderate,0.009369877,0.009375684,0.09679813,0.09682812,0.002510896791328026,0.002464345392888236
severe,0.08861158,0.044182494,0.29767698,0.21019632,0.0038779809294176787,0.003940127004091177
