severity,roll_mse,pitch_mse,roll_rmse,pitch_rmse,roll_fcs_fluct,pitch_fcs_fluct
off,0.004816495,0.0019616217,0.06940097,0.0442902,0.001054102911596113,0.00122584300452474
light,0.004822544,0.0031604578,0.06944454,0.05621795,0.003864869913053165,0.007485245430365876
moderate,0.006084258,0.0052230363,0.078001656,0.07227058,0.005795731925897437,0.010275910091169387
severe,0.05246517,0.032861505,0.22905277,0.18127742,0.009535170491346265,0.015424537483571903
