severity,roll_mse,pitch_mse,roll_rmse,pitch_rmse,roll_fcs_fluct,pitch_fcs_fluct
off,0.005927003412962606,0.0019629809595557673,0.07698703405744767,0.044305540957715064,0.000929192179020415,0.0009690355216467269
light,0.0068104900740606255,0.003438428313626689,0.08252569341762979,0.05863811314858868,0.002149923220242452,0.002718276226600204
moderate,0.009805948193801138,0.006603825816371906,0.09902498772431703,0.08126392690715792,0.0032528445055801914,0.004434713982963554
severe,0.04156542293862006,0.03827490452491535,0.20387599892733832,0.1956397314578901,0.005655102363841535,0.008712322393520228
