severity,roll_mse,pitch_mse,roll_rmse,pitch_rmse,roll_fcs_fluct,pitch_fcs_fluct
off,0.0008773523378897874,0.0002411360704657355,0.029620133995135595,0.015528556612439402,0.00041551575072304876,0.0003902586592496466
light,0.0016636203940032896,0.0012932108470986529,0.04078750291453608,0.035961240900428515,0.0016092520330005366,0.002588585448285684
moderate,0.0036830452922493014,0.0038162868491668014,0.06068809843988607,0.061776102573461215,0.002568954097268275,0.004263351497876852
severe,0.06205957684209765,0.029485456191103845,0.2491175964120111,0.17171329648895522,0.0099505478996527,0.011651314663062084
