severity,roll_mse,pitch_mse,roll_rmse,pitch_rmse,roll_fcs_fluct,pitch_fcs_fluct
off,0.0006836827270983756,0.0003951436434646114,0.026147327341400985,0.019878220329411066,0.0004832728396666286,0.0004115883362111067
light,0.0013195659276699979,0.0020953120306611574,0.0363258300341506,0.045774578432369616,0.0018086661707584577,0.0029048653167708517
moderate,0.0031343746312122193,0.006331993895387401,0.055985485897795145,0.0795738266981512,0.0028915552451427374,0.005000902403865862
severe,0.06097490114218181,0.03454951229815326,0.2469309643244075,0.18587499105084918,0.008482314988629797,0.013537182778141888
