severity,roll_mse,pitch_mse,roll_rmse,pitch_rmse,roll_fcs_fluct,pitch_fcs_fluct
off,0.004516989884150747,0.0022431855095120315,0.06720855514107373,0.047362279395232146,0.0012606414331030073,0.002234818751733098
light,0.004746476287255945,0.0036765494627300733,0.06889467531860459,0.06063455667134108,0.00324984646505143,0.009479871966182545
moderate,0.0067274555533016174,0.0074655738295930215,0.08202106774056052,0.08640355218156845,0.00534561017738465,0.02096972748200906
severe,0.04803316617552471,0.04471581877506082,0.21916470102533553,0.21146115192881368,0.00975569492742011,0.03805042327327585
