severity,roll_mse,pitch_mse,roll_rmse,pitch_rmse,roll_fcs_fluct,pitch_fcs_fluct
off,0.004765447768041505,0.002101956425071561,0.0690322226792786,0.04584709832771929,0.0017779219476624737,0.021455600168999407
light,0.005035270676000401,0.0032405532970318876,0.07095964117722413,0.056925857894562185,0.0035289488582017424,0.02627678098079817
moderate,0.00734633344483092,0.006349667615478773,0.08571075454591985,0.07968480165927988,0.005704009331274432,0.024840653641578888
severe,0.047872687515762506,0.03851574245956552,0.21879828042231617,0.19625428010508592,0.00995798198959272,0.03500659194197143
