severity,roll_mse,pitch_mse,roll_rmse,pitch_rmse,roll_fcs_fluct,pitch_fcs_fluct
off,0.0052704782877854555,0.0031466486095247273,0.07259805980730791,0.056094996296681646,0.0010934597505635982,0.0011939214875418638
light,0.005979447407890646,0.0048099845352633265,0.07732688670760414,0.06935405204646176,0.0024704717255221308,0.0039855590376456414
moderate,0.009511390346380398,0.009036006383506896,0.09752635718809761,0.09505791068347176,0.003895168155775603,0.006554412686732248
severe,0.0629764695152118,0.04923307175627009,0.25095112973487843,0.22188526710052223,0.013366566568037985,0.017429040262672262
