severity,roll_mse,pitch_mse,roll_rmse,pitch_rmse,roll_fcs_fluct,pitch_fcs_fluct
off,0.0007009712533432464,0.0006084810811342768,0.026475861711061387,0.024667409291092506,0.00048661472333541697,0.00061753896554504
light,0.0013369052435947344,0.0020287664124059965,0.03656371484948889,0.04504182958546418,0.0018135326790982298,0.00424817402904696
moderate,0.003105731451746531,0.006327763321339879,0.05572908981623988,0.07954723955826425,0.002960379738752375,0.007961250096968407
severe,0.059835173170803536,0.03419058338663544,0.24461229153663464,0.1849069587296147,0.00871614439666453,0.018679802601559978
