severity,roll_mse,pitch_mse,roll_rmse,pitch_rmse,roll_fcs_fluct,pitch_fcs_fluct
off,0.012503319894677647,0.009586679217932083,0.11181824490966422,0.09791158878259551,0.002552383268251133,0.010323441903438878
light,0.013340150946155973,0.011328611640624795,0.11549957119468442,0.10643595088420452,0.0045624352626471186,0.022829329433714275
moderate,0.014766142462214011,0.019880099339710296,0.1215160173072423,0.14099680613301244,0.006742514297949717,0.029807699204444756
severe,0.07737777522418034,0.08517164452368661,0.2781686093436503,0.2918418142139447,0.012106937152988943,0.03397637855959248
