severity,roll_mse,pitch_mse,roll_rmse,pitch_rmse,roll_fcs_fluct,pitch_fcs_fluct
off,0.0006792966275208301,0.00038484231852971534,0.026063319579839213,0.019617398362925583,0.000499072584098268,0.0005484137567173766
light,0.001277844352901151,0.0018883330096654155,0.03574694886142244,0.04345495379891015,0.0018646237364385381,0.003641189389886988
moderate,0.0029591156445463846,0.005935404834799055,0.05439775403954086,0.07704157861050781,0.0030045511418208227,0.006611939981382797
severe,0.05971894222820531,0.03410637142089732,0.24437459407271722,0.18467910390972045,0.009095027653006524,0.01691325995241626
