severity,roll_mse,pitch_mse,roll_rmse,pitch_rmse,roll_fcs_fluct,pitch_fcs_fluct
off,0.0007471753891831577,0.0005961536554360409,0.027334509126434987,0.024416258014610694,0.00045240054133481545,0.0005941100745801333
light,0.00148613011921029,0.0020342408835695995,0.038550358224150004,0.045102559612172785,0.0016385429737073398,0.004162470012183588
moderate,0.0035156195992306506,0.006326541878217621,0.05929266058485359,0.07953956171753539,0.0026716284927125224,0.00782261457577559
severe,0.06096407180644809,0.0339524036359385,0.24690903548968818,0.18426178018226813,0.007725750187152958,0.01851704369977665
