severity,roll_mse,pitch_mse,roll_rmse,pitch_rmse,roll_fcs_fluct,pitch_fcs_fluct
off,0.005062278773747768,0.0032027395416117394,0.07114969271717038,0.056592751670260205,0.0011437060966416044,0.0012481856664202306
light,0.005704895166654412,0.004907952596815413,0.07553075642845378,0.07005678123362087,0.002775829262934265,0.00435267314170019
moderate,0.008960005869602987,0.009457574057776523,0.0946573075340884,0.09725005942299739,0.004407625135583342,0.007121524682744085
severe,0.06203724979588398,0.049403717506264405,0.2490727801183501,0.2222694704773114,0.014104091545541701,0.018095115375024614
