severity,roll_mse,pitch_mse,roll_rmse,pitch_rmse,roll_fcs_fluct,pitch_fcs_fluct
off,0.018085305589028072,0.011944016087681378,0.1344816180339457,0.10928868234031087,0.0023646589883122753,0.002496087774417844
light,0.019516001446542346,0.015278153886188809,0.13969968305813132,0.12360482954233143,0.0036809501769312996,0.004798513132198262
moderate,0.02875437508107307,0.021611131050724538,0.16957115049758043,0.14700724829315232,0.004976300847053292,0.006741651677370797
severe,0.06937435680020362,0.07900368708571033,0.26339012282202917,0.2810759454057041,0.0067260702426803105,0.008596086864931664
