severity,roll_mse,pitch_mse,roll_rmse,pitch_rmse,roll_fcs_fluct,pitch_fcs_fluct
off,0.0006468767811074908,0.00026713307967896006,0.025433772451358663,0.016344206303120383,0.0005608274029826891,0.0006993482456272633
light,0.001011858935593406,0.001119932020031575,0.03180973020309047,0.03346538540091201,0.0023275100369322243,0.00364284574804754
moderate,0.0021802194187131,0.003474869062561899,0.04669281977684685,0.05894802000544123,0.003969276618920931,0.00660909396013891
severe,0.061875438820760055,0.028183909617669405,0.24874774133800703,0.1678806409854019,0.006786768224351432,0.012307512334952996
