severity,roll_mse,pitch_mse,roll_rmse,pitch_rmse,roll_fcs_fluct,pitch_fcs_fluct
off,0.006096904490228298,0.003308114584109286,0.07808267727369687,0.0575162114895382,0.000730005334487467,0.0005361868076504336
light,0.006270149221021896,0.005482320372507385,0.07918427382392224,0.07404269290421159,0.0017625536020401938,0.0017684703145291183
moderate,0.008543020999772164,0.009137003054861944,0.0924284642292198,0.09558767208621594,0.0027620240584235907,0.0026844277030047435
severe,0.05187206042649691,0.04090306966667477,0.22775438618497978,0.20224507328158767,0.004048874249076622,0.004303033515231271
