severity,roll_mse,pitch_mse,roll_rmse,pitch_rmse,roll_fcs_fluct,pitch_fcs_fluct
off,0.0012193822664225303,0.0010025578137734896,0.03491965444305729,0.03166319336032753,0.0002761150193785595,0.0002609664135098554
light,0.0015979407737045654,0.0023971536674166397,0.03997425138391669,0.04896073597707289,0.0015110348808329733,0.0019404184994290365
moderate,0.002993062968319635,0.005199728976444458,0.05470889295461603,0.07210914627455006,0.002377557456567171,0.0030548900230550047
severe,0.08075125627633326,0.03423137592447411,0.28416765522545534,0.18501723142581641,0.00434616644417517,0.007272902051541936
