severity,roll_mse,pitch_mse,roll_rmse,pitch_rmse,roll_fcs_fluct,pitch_fcs_fluct
off,0.0011155519005025148,0.0009491131225173347,0.03339987874981756,0.030807679602938856,0.0004554696659165821,0.00047221357344531215
light,0.0013231462343568966,0.0013715704010740907,0.03637507710448043,0.037034718860470515,0.0026319860523629185,0.004337477796262115
moderate,0.001821000540567865,0.0025239098690172557,0.04267318292051654,0.05023852972587131,0.004070174556302547,0.006692531195280888
severe,0.06580836168283995,0.02824579739929974,0.2565314048666166,0.16806486069163815,0.009447833977210633,0.01777901829229055
