severity,roll_mse,pitch_mse,roll_rmse,pitch_rmse,roll_fcs_fluct,pitch_fcs_fluct
off,0.014431221645666351,0.005607103505641734,0.12013001975220994,0.07488059498723107,0.0009273486891065298,0.0007992984255732887
light,0.015103408454959008,0.007322339245970884,0.122895925298437,0.0855706681402622,0.0019584323909739394,0.0018496394712403314
moderate,0.016304843798068114,0.013079106413788837,0.12769042171622785,0.11436392094445187,0.0029451070250913363,0.0027444264166363135
severe,0.1028793546602509,0.05945820801653456,0.3207481171577643,0.24384053809105358,0.004249884890089051,0.003871517821864925
