severity,roll_mse,pitch_mse,roll_rmse,pitch_rmse,roll_fcs_fluct,pitch_fcs_fluct
off,0.004669545347465918,0.001870184297555545,0.06833407164413605,0.0432456274963787,0.0008596375517955446,0.0007158409999995603
light,0.004762108143150252,0.0029886194737592238,0.06900802955562672,0.054668267521106095,0.002436294209028175,0.003489337729444175
moderate,0.005996819504617945,0.005210180398865973,0.07743913419336469,0.07218157935973674,0.003890146684607227,0.005187425517454225
severe,0.041297684827944194,0.0332185796014521,0.20321831814072322,0.18225964885693186,0.006111932010397468,0.008238025902223976
