severity,roll_mse,pitch_mse,roll_rmse,pitch_rmse,roll_fcs_fluct,pitch_fcs_fluct
off,0.005045452254671447,0.0016325166362690957,0.07103134698618242,0.04040441357412697,0.000883048548134059,0.0009910024338390553
light,0.005056821169323442,0.0026940293671798166,0.07111132940202596,0.05190403998900102,0.0025910427451100097,0.004226345546826185
moderate,0.0062488435626573925,0.004670797381183452,0.07904962721390527,0.06834323215347261,0.004168152596726109,0.006367874545616734
severe,0.04117539504231567,0.03152359973326353,0.20291721228697104,0.17754886576169257,0.006870053139108492,0.01019676129050357
