severity,roll_mse,pitch_mse,roll_rmse,pitch_rmse,roll_fcs_fluct,pitch_fcs_fluct
off,0.0060088513,0.0020175637,0.07751678,0.044917297,0.0009043919485208223,0.0009510640187416205
light,0.006584965,0.0024609591,0.0811478,0.049608056,0.001370731939855708,0.001560087386771535
moderate,0.008601312,0.0061579756,0.092743255,0.07847277,0.001945740626777301,0.002393081118982443
severe,0.039948635,0.030442651,0.19987154,0.17447823,0.0025298455745971604,0.003226639050434743
