severity,roll_mse,pitch_mse,roll_rmse,pitch_rmse,roll_fcs_fluct,pitch_fcs_fluct
off,0.015998736,0.07592223,0.12648611,0.27553988,0.0019512958689675574,0.0013778270521063523
light,0.016565489,0.07422091,0.12870699,0.27243516,0.0022273222197277415,0.0017123757461238397
moderate,0.019984074,0.09188072,0.14136504,0.30311832,0.0027215852497088407,0.0021834492737445098
severe,0.12317257,0.12560079,0.35095948,0.354402,0.003199326541621365,0.0026838079714102845
