severity,roll_mse,pitch_mse,roll_rmse,pitch_rmse,roll_fcs_fluct,pitch_fcs_fluct
off,0.0008808967,0.00025737679,0.029679904,0.016042966,0.00040662290246005773,0.00038611977441354277
light,0.0013609832,0.00068710593,0.036891505,0.026212705,0.0008896019978100377,0.0011461207281649622
moderate,0.0031174896,0.0071036457,0.055834483,0.08428313,0.0014758058061167165,0.0020161072608119827
severe,0.04423047,0.032320496,0.21031041,0.17977902,0.002363108479218415,0.0029410926588758286
