severity,roll_mse,pitch_mse,roll_rmse,pitch_rmse,roll_fcs_fluct,pitch_fcs_fluct
off,0.0009562516,0.001250868,0.030923318,0.03536761,0.0003406309905717496,0.0002689470606273596
light,0.001191311,0.0026489624,0.034515373,0.05146807,0.0018816783443617062,0.002308474373327221
moderate,0.0019837301,0.004687116,0.044539087,0.06846251,0.0028840354187922783,0.0034969109323983467
severe,0.06926281,0.034411218,0.2631783,0.1855026,0.004556210087785866,0.006010383467603519
