severity,roll_mse,pitch_mse,roll_rmse,pitch_rmse,roll_fcs_fluct,pitch_fcs_fluct
off,0.007310082,0.0022374832,0.08549902,0.04730204,0.0006619617118777238,0.0004445726340566571
light,0.0069942647,0.004941306,0.083631724,0.070294425,0.0018018768006808571,0.0019342141178680583
moderate,0.008866002,0.009001021,0.09415945,0.09487371,0.0027088119062203906,0.0027305736275709735
severe,0.07801923,0.044334076,0.27931923,0.21055658,0.004194522605456938,0.004451687662794461
