severity,roll_mse,pitch_mse,roll_rmse,pitch_rmse,roll_fcs_fluct,pitch_fcs_fluct
off,0.0014299183,0.00088929426,0.03781426,0.029821036,0.0002745742495527018,0.00022720482685879219
light,0.0016499065,0.003299396,0.04061904,0.05744037,0.0016995559191680116,0.0017951969433871076
moderate,0.0032207507,0.006800596,0.056751657,0.08246573,0.0026116477173843207,0.002506295738424374
severe,0.07797954,0.039470054,0.27924818,0.19867072,0.0039538788257223595,0.004539619655847437
