severity,roll_mse,pitch_mse,roll_rmse,pitch_rmse,roll_fcs_fluct,pitch_fcs_fluct
off,0.012640588,0.0035845432,0.11243037,0.059871055,0.0010689463196892639,0.0012441360746103067
light,0.012828575,0.005370772,0.1132633,0.07328555,0.0027975784372090717,0.004331542697909243
moderate,0.012208627,0.007483768,0.110492654,0.08650877,0.004178424890328986,0.005935313546861087
severe,0.058030467,0.058026426,0.24089514,0.24088675,0.006676142737444256,0.00920134104184559
