severity,roll_mse,pitch_mse,roll_rmse,pitch_rmse,roll_fcs_fluct,pitch_fcs_fluct
off,0.0048355223,0.002392546,0.06953792,0.048913658,0.000870659848360568,0.0007956004419377298
light,0.00473167,0.0039640777,0.068787135,0.06296092,0.0023186024198556857,0.0033351686078684946
moderate,0.0059876954,0.0067537935,0.0773802,0.08218147,0.0034502112553171905,0.004620170802130019
severe,0.047899086,0.03874579,0.2188586,0.19683951,0.005515315671026648,0.007386344771634734
