severity,roll_mse,pitch_mse,roll_rmse,pitch_rmse,roll_fcs_fluct,pitch_fcs_fluct
off,0.0014076174,0.002247701,0.037518226,0.047409926,0.00029308506500965825,0.0003025179835946965
light,0.0016469635,0.0037528852,0.0405828,0.061260797,0.0016800755592740577,0.0020040887038851266
moderate,0.002746312,0.005866193,0.052405268,0.076591074,0.0026805603119558763,0.0030177548548830074
severe,0.0828468,0.035598826,0.2878312,0.1886765,0.003989205098685166,0.005058092403424188
