severity,roll_mse,pitch_mse,roll_rmse,pitch_rmse,roll_fcs_fluct,pitch_fcs_fluct
off,0.0061657582,0.003082669,0.07852234,0.05552179,0.0007344688668808731,0.0005730958322725239
light,0.006022485,0.0048421687,0.077604674,0.069585696,0.0018678828898502679,0.002173903374946842
moderate,0.0075440668,0.008485914,0.08685659,0.09211902,0.002797952464531836,0.0031824424946344785
severe,0.071836166,0.043298546,0.2680227,0.20808303,0.004350471438354513,0.005127625424159347
