severity,roll_mse,pitch_mse,roll_rmse,pitch_rmse,roll_fcs_fluct,pitch_fcs_fluct
off,0.012249257,0.0044228905,0.11067636,0.066504814,0.001168894622885992,0.0011384268531443574
light,0.012787117,0.0072315014,0.11308014,0.08503824,0.00264139964625,0.0033756932634069546
moderate,0.012048607,0.009720106,0.10976615,0.0985906,0.003701285197560941,0.004411992813245622
severe,0.055853475,0.057868276,0.2363334,0.24055825,0.005504016921287173,0.006337635662045958
