severity,roll_mse,pitch_mse,roll_rmse,pitch_rmse,roll_fcs_fluct,pitch_fcs_fluct
off,0.01603356,0.0043446086,0.12662369,0.06591365,0.0008589189511653569,0.0007081242344084158
light,0.015951738,0.006867009,0.12630019,0.08286742,0.001995659416885752,0.0019194282087720829
moderate,0.016735192,0.0120115355,0.12936457,0.109597154,0.002759780732672737,0.0026433712005201095
severe,0.07283787,0.05807462,0.2698849,0.24098676,0.0042057655602315116,0.003920668664385791
