severity,roll_mse,pitch_mse,roll_rmse,pitch_rmse,roll_fcs_fluct,pitch_fcs_fluct
off,0.014094468,0.004696026,0.11872013,0.06852756,0.0009433574589861442,0.0008590258702397923
light,0.014415691,0.007137797,0.12006536,0.084485486,0.0021635310794068585,0.0023009973699399163
moderate,0.014875822,0.010640636,0.12196648,0.10315346,0.002950307512036762,0.0031699300303432583
severe,0.06497751,0.055701245,0.25490686,0.23601112,0.004372833959092777,0.00459444586345896
