severity,roll_mse,pitch_mse,roll_rmse,pitch_rmse,roll_fcs_fluct,pitch_fcs_fluct
off,0.0008741973,0.0011633557,0.029566828,0.034108,0.00041445750822991287,0.00040703383083986653
light,0.0010843307,0.0021465155,0.03292918,0.046330504,0.0021067457233825146,0.002989999469805698
moderate,0.0016613931,0.0035053338,0.04076019,0.05920586,0.0031749654064241258,0.00442755775161022
severe,0.06795567,0.031718045,0.2606831,0.17809561,0.004908048161291196,0.007367242760424747
