severity,roll_mse,pitch_mse,roll_rmse,pitch_rmse,roll_fcs_fluct,pitch_fcs_fluct
off,0.00088126503,0.0008966704,0.029686108,0.029944455,0.0004940373880755577,0.0005206964090254717
light,0.0011121702,0.0017826013,0.033349216,0.042220864,0.002860810530662144,0.004260562305038154
moderate,0.00150656,0.0027169653,0.03881443,0.052124515,0.004217725061505268,0.006269504364643216
severe,0.0669145,0.029529292,0.25867838,0.17184089,0.007004005564713468,0.010872235325647248
