severity,roll_mse,pitch_mse,roll_rmse,pitch_rmse,roll_fcs_fluct,pitch_fcs_fluct
off,0.006155412,0.002020439,0.07845643,0.044949293,0.0009417543929635529,0.000992532151945338
light,0.0066873985,0.003829463,0.081776515,0.061882656,0.002173211478466089,0.002858738262706913
moderate,0.00952199,0.0077166166,0.097580686,0.087844275,0.0034334969148625,0.004582579806117105
severe,0.066195905,0.05251385,0.25728565,0.229159,0.00824741281647635,0.009444708768001598
