severity,roll_mse,pitch_mse,roll_rmse,pitch_rmse,roll_fcs_fluct,pitch_fcs_fluct
off,0.0053454107,0.0024219425,0.07311232,0.049213234,0.0007919364626649985,0.0006281218663231956
light,0.005177565,0.004105278,0.0719553,0.064072445,0.001986847188408887,0.002479607107906059
moderate,0.0066400133,0.0074725444,0.08148628,0.08644388,0.0030168229984148167,0.003543404544945017
severe,0.056069177,0.041430414,0.23678932,0.20354462,0.0048230721731498775,0.005970241642195657
