severity,roll_mse,pitch_mse,roll_rmse,pitch_rmse,roll_fcs_fluct,pitch_fcs_fluct
off,0.0050700987,0.0022310687,0.071204625,0.04723419,0.0008357246701689183,0.0006763478813839555
light,0.0051898616,0.0034281076,0.07204069,0.058550045,0.0021659783835828407,0.0025541705814737916
moderate,0.0067344573,0.006169,0.08206374,0.078542985,0.0032806211027065365,0.0038432774918321063
severe,0.06344343,0.03762649,0.25187978,0.1939755,0.005146061739786272,0.006088027695665692
