severity,roll_mse,pitch_mse,roll_rmse,pitch_rmse,roll_fcs_fluct,pitch_fcs_fluct
off,0.005180125,0.002322601,0.071973085,0.04819337,0.0008472486926384114,0.0006829230222732146
light,0.0050894157,0.004059964,0.07134014,0.06371784,0.002221746936978266,0.0026747774269467272
moderate,0.0064563965,0.0070737577,0.0803517,0.08410563,0.003291260372855447,0.003893528949113249
severe,0.053483427,0.042611685,0.23126484,0.20642598,0.005284292978082467,0.006318357036015526
