severity,roll_mse,pitch_mse,roll_rmse,pitch_rmse,roll_fcs_fluct,pitch_fcs_fluct
off,0.005239353,0.0023025556,0.072383374,0.04798495,0.0007876377035898548,0.0006186422132582258
light,0.005314808,0.0035958076,0.07290273,0.05996505,0.0019566898137817214,0.0023706935079918644
moderate,0.006889698,0.006720766,0.08300421,0.08198028,0.003030069755078464,0.003501727480869059
severe,0.066595286,0.038019013,0.25806063,0.19498464,0.0048400255456279104,0.00575626440504538
