severity,roll_rmse,pitch_rmse,roll_fcs_fluct,pitch_fcs_fluct,avg_rmse,avg_rmse_sem,avg_fcs_fluct,avg_fcs_fluct_sem
off,0.06798194,0.044713184,0.0094718548368412,0.0052642816911376,0.056347564,,0.0073680682639894,
off,0.03976801,0.03969349,0.0137049842304402,0.0049536905866867,0.03973075,,0.0093293374085635,
off,0.074082404,0.042908892,0.0040360411328212,0.0030841156835991,0.05849565,,0.0035600784082102,
off,0.077663235,0.07871576,0.0014069991125789,0.001022585348742,0.07818949,,0.0012147922306604,
off,0.04869177,0.047776237,0.0013892751567526,0.0020713520982982,0.048234,,0.0017303136275254,
,,,,,0.056199490799999995,0.0064168637385516175,0.00464051798778978,0.001593687455815992
