severity,roll_rmse,pitch_rmse,roll_fcs_fluct,pitch_fcs_fluct,avg_rmse,avg_rmse_sem,avg_fcs_fluct,avg_fcs_fluct_sem
off,0.17348178,0.07278874,0.006663431106292,0.0071487252903805,0.123135254,,0.0069060781983362,
off,0.13312976,0.08340213,0.041906470827149,0.0292935452480849,0.108265944,,0.0356000080376169,
off,0.15154167,0.08909489,0.0188086721061679,0.0082442096467883,0.12031828,,0.0135264408764781,
off,0.16458417,0.16668382,0.0135162915625016,0.0089059388379312,0.165634,,0.0112111152002164,
off,0.13119845,0.062509246,0.0048984002939598,0.00484147825149,0.09685385,,0.0048699392727249,
,,,,,0.1228414656,0.011673593645610238,0.014422716317074499,0.005510674976276937
