severity,roll_rmse,pitch_rmse,roll_fcs_fluct,pitch_fcs_fluct,avg_rmse,avg_rmse_sem,avg_fcs_fluct,avg_fcs_fluct_sem
off,0.117996216,0.04406235,0.0023694949317561,0.0028269936928313,0.08102928,,0.0025982443122937,
off,0.08158479,0.048796527,0.0263905635455672,0.0154739189108511,0.06519066,,0.0209322412282092,
off,0.10817731,0.06236378,0.0026453487817777,0.0028144646476683,0.08527055,,0.002729906714723,
off,0.11081163,0.10338579,0.0023009377018345,0.0018904064454532,0.10709871,,0.0020956720736439,
off,0.07536331,0.043064866,0.0016193458727073,0.0019534336710773,0.059214085,,0.0017863897718923,
,,,,,0.07956065699999999,0.008407091948318336,0.00602849082015242,0.0037298224423386404
