severity,roll_mse,pitch_mse,roll_rmse,pitch_rmse,roll_fcs_fluct,pitch_fcs_fluct
off,0.0007028221671615453,0.00019965259369115017,0.026510793408752318,0.014129847617407279,0.000475730570424859,0.0005354968694624706
light,0.0012077132728724985,0.0009289509896762565,0.03475216932613701,0.03047869730937096,0.0019791417548016767,0.003494858937825847
moderate,0.0025566805798919183,0.0030603837283192555,0.050563629022172825,0.05532073506669317,0.003176558199681841,0.005996600196373805
severe,0.06154240474781785,0.027099104602348167,0.24807741684364953,0.16461805673238938,0.005527499318441337,0.010946159547248393
