severity,roll_mse,pitch_mse,roll_rmse,pitch_rmse,roll_fcs_fluct,pitch_fcs_fluct
off,0.005173410611693716,0.0018342362904170638,0.07192642498896853,0.04282798489792701,0.0011448873232200924,0.0012353786101219212
light,0.0058261403707245,0.003072878746381361,0.07632915806377337,0.05543355253257147,0.002694255316030661,0.0036820717947086373
moderate,0.009022247884324408,0.006480847891049441,0.09498551407622326,0.08050371352334898,0.0042164101104424645,0.006328513236972888
severe,0.04705759721203558,0.04443858701262297,0.21692763127834958,0.21080461810079723,0.0072644097312631484,0.013088886166557286
