severity,roll_mse,pitch_mse,roll_rmse,pitch_rmse,roll_fcs_fluct,pitch_fcs_fluct
off,0.0009052796126599052,0.000569507211367562,0.030087864873731156,0.023864350218842374,0.000369675638372405,0.00035429508807246975
light,0.0015939713598437813,0.0015259549849374156,0.03992457087864291,0.03906347379506098,0.0015599058483339685,0.0025494859924834585
moderate,0.0033402027681639756,0.003782449312439491,0.05779448735099201,0.06150162040499007,0.002521664634704288,0.004248622553156034
severe,0.058622193530708175,0.02877668161824241,0.24212020471391513,0.16963691113151763,0.007140049216331174,0.014386329177667388
