severity,roll_mse,pitch_mse,roll_rmse,pitch_rmse,roll_fcs_fluct,pitch_fcs_fluct
off,0.0008679484300338452,0.00021998222151690974,0.029460964512959268,0.01483179764954032,0.0003733270392238884,0.00035998931412487494
light,0.001655019230424662,0.001259998861580362,0.04068192756525509,0.03549646266292406,0.0015713828980648487,0.002573572196476415
moderate,0.003659668787920925,0.0037739392478518896,0.06049519640368915,0.06143239575217533,0.0025225226821110765,0.004272609111294769
severe,0.06530538338825755,0.03065831151921949,0.2555491799796226,0.17509514990204467,0.007084763107403204,0.014404573838986936
