severity,roll_mse,pitch_mse,roll_rmse,pitch_rmse,roll_fcs_fluct,pitch_fcs_fluct
off,0.014937357342698928,0.009436660598513185,0.12221848200128706,0.09714247576890958,0.0011479859168456446,0.0013340185126172834
light,0.01685728868860605,0.01206773079750859,0.12983562180159205,0.10985322388309134,0.002431452655531736,0.0031463592911936803
moderate,0.020583789327317092,0.01828390848724954,0.14347051727556115,0.13521800356183913,0.0035267465363214047,0.004549356650406215
severe,0.06479578354535934,0.05964960015639853,0.25455015919334906,0.24423267626670786,0.005636113610197381,0.006888161079893122
