severity,roll_mse,pitch_mse,roll_rmse,pitch_rmse,roll_fcs_fluct,pitch_fcs_fluct
off,0.01835883553056282,0.009176983199070926,0.13549478045505228,0.09579657195886983,0.0017042863019781276,0.0017738505196440077
light,0.02150836174745818,0.012773212921331059,0.14665729353652404,0.11301863970748834,0.0029529736098897496,0.0034226829823435488
moderate,0.03187702374904021,0.024328372054000673,0.17854137825456656,0.15597554953902446,0.0039427330758535425,0.004693510773185013
severe,0.15501164347828073,0.07907579071614161,0.3937151806551034,0.2812041797629289,0.006294339053827509,0.007250876990168985
