severity,roll_mse,pitch_mse,roll_rmse,pitch_rmse,roll_fcs_fluct,pitch_fcs_fluct
off,0.020592265818774498,0.01284080198263046,0.14350005511767058,0.11331726250942731,0.0028905621527359282,0.0027404663123590856
light,0.02200076905128293,0.01625895832417838,0.14832656219060336,0.12751062043680275,0.004098638560224976,0.00481162592225592
moderate,0.03452102972237197,0.03564125777123649,0.18579835769557268,0.18878892385740348,0.0052045288057371054,0.006628788451272318
severe,0.10411891402723575,0.09021568471695114,0.3226746256327506,0.3003592594160385,0.009335767273369426,0.01312899639940073
