severity,roll_mse,pitch_mse,roll_rmse,pitch_rmse,roll_fcs_fluct,pitch_fcs_fluct
off,0.0056491094561816535,0.003158202321161589,0.0751605578490584,0.056197885379804004,0.0008594451510591695,0.0009166216516709957
light,0.006332007924275345,0.004643748371135298,0.07957391484824249,0.06814505390074395,0.0020591168257364607,0.002678668712138616
moderate,0.008879284669922856,0.007035813071556913,0.0942299563298363,0.08387975364506571,0.0031395721568390593,0.004400326575099302
severe,0.03643519761551893,0.033631260968466206,0.19088006081180645,0.18338827925597156,0.005395795140076728,0.008623569870067748
