severity,roll_mse,pitch_mse,roll_rmse,pitch_rmse,roll_fcs_fluct,pitch_fcs_fluct
off,0.005734788078327083,0.0018785179184006642,0.07572838357133396,0.04334187257607433,0.0009141365768649826,0.000954366007776943
light,0.0065912983471404125,0.003289803910314431,0.08118681141133954,0.057356812239824057,0.0021414813042044067,0.0027153711130194626
moderate,0.009607616215795874,0.0065272801066511045,0.09801844834415546,0.08079158438012653,0.003262387823449253,0.0044358492766255085
severe,0.041702622148513134,0.03876312086556925,0.20421219882395159,0.19688352106148765,0.005710692972463682,0.0088101971519303
