severity,roll_mse,pitch_mse,roll_rmse,pitch_rmse,roll_fcs_fluct,pitch_fcs_fluct
off,0.007389272728518562,0.0037443173650538075,0.08596087905854943,0.06119082745848276,0.001566961898233033,0.0010069418709351245
light,0.007954730494555199,0.006934878039605261,0.08918929585188572,0.0832759151231931,0.003086550111895571,0.001979658704936438
moderate,0.012091544689309404,0.013838639750025366,0.10996156005309039,0.1176377479809324,0.00410129923520557,0.0029670993708879596
severe,0.05185990328159588,0.054227259324444874,0.2277276954645523,0.23286747158941043,0.005810277652252871,0.00456224576342542
