severity,roll_mse,pitch_mse,roll_rmse,pitch_rmse,roll_fcs_fluct,pitch_fcs_fluct
off,0.008464407,0.0035100305,0.09200221,0.05924551,0.001112039535496634,0.0008441067948387372
light,0.010971736,0.0068866094,0.10474606,0.082985595,0.001894628122923434,0.00163727808986447
moderate,0.021673162,0.014419237,0.14721808,0.12008013,0.002631378933830336,0.0024112298302514427
severe,0.31122777,0.07079549,0.5578779,0.2660742,0.004136717225328076,0.0038738271005232983
