severity,roll_mse,pitch_mse,roll_rmse,pitch_rmse,roll_fcs_fluct,pitch_fcs_fluct
off,0.002160042398928402,0.0005562286491527491,0.04647625629209395,0.023584500188741527,0.00022802921215833873,0.00014706502536043114
light,0.0027337571336593027,0.0037834653776308643,0.052285343392381986,0.06150988032528485,0.0016774796106610052,0.0012636811632723078
moderate,0.005538514206662084,0.00916286445634756,0.07442119460652377,0.09572285232037102,0.002447609114914652,0.0022763572175102747
severe,0.07937663383282985,0.04512927691197198,0.28173859130908896,0.21243652443017416,0.004651239911913706,0.005461665768748255
