severity,roll_mse,pitch_mse,roll_rmse,pitch_rmse,roll_fcs_fluct,pitch_fcs_fluct
off,0.02023452226820617,0.01816375830414644,0.14224810110580097,0.13477298803598012,0.004854280000908895,0.0042165036257068
light,0.02369654446947344,0.020549145969442507,0.1539368197328808,0.1433497330637295,0.005354923573871685,0.004957945867971547
moderate,0.02983431380139656,0.03354699205870442,0.17272612367964657,0.18315837971194335,0.006044346815366892,0.006309541314302685
severe,0.18078152448986304,0.10190976830342381,0.4251841065819171,0.31923309399782446,0.009294343976963281,0.009249920821508373
