severity,roll_mse,pitch_mse,roll_rmse,pitch_rmse,roll_fcs_fluct,pitch_fcs_fluct
off,0.0064073675,0.003167075,0.080046035,0.056276772,0.0011022099303958691,0.0010945946425491013
light,0.008206373,0.0050020004,0.09058903,0.07072482,0.0017762954557465809,0.00203118356335693
moderate,0.016459674,0.009866002,0.12829526,0.09932775,0.002789669255981188,0.0031755131478656256
severe,0.06362297,0.04740481,0.25223592,0.21772645,0.00457119320724035,0.004998122991154966
