severity,roll_mse,pitch_mse,roll_rmse,pitch_rmse,roll_fcs_fluct,pitch_fcs_fluct
off,0.004665811,0.0025833487,0.068306744,0.050826654,0.0013110947739333836,0.0016909828665973637
light,0.0053026965,0.0034812992,0.07281961,0.059002534,0.003198639871536757,0.005415435630468201
moderate,0.008368355,0.006368262,0.09147871,0.079801396,0.005143884062223204,0.009420825487647985
severe,0.035514683,0.036079388,0.18845339,0.18994576,0.010446463382176394,0.022255513308630473
