severity,roll_mse,pitch_mse,roll_rmse,pitch_rmse,roll_fcs_fluct,pitch_fcs_fluct
off,0.0007581731,0.00023748653,0.027534943,0.015410598,0.00047117990386349437,0.0007256621357549335
light,0.0013113664,0.0011985053,0.036212794,0.034619436,0.001854521102214104,0.004184114291144561
moderate,0.0031392453,0.0043366,0.05602897,0.065852866,0.002851356343255538,0.008017278528579235
severe,0.060969014,0.0336325,0.24691904,0.18339165,0.010801605301042532,0.020981726190591177
