severity,roll_mse,pitch_mse,roll_rmse,pitch_rmse,roll_fcs_fluct,pitch_fcs_fluct
off,0.004931903,0.0006849939,0.07022751,0.026172388,0.00029924903357245603,0.00020972993800433452
light,0.007112317,0.005337013,0.08433455,0.073054865,0.0009891865867750142,0.001164545877229652
moderate,0.014425735,0.014307424,0.12010718,0.11961365,0.001456392225099023,0.0020851321062809094
severe,0.10089163,0.05278179,0.31763443,0.22974288,0.002803848938047328,0.004661552689759666
