severity,roll_mse,pitch_mse,roll_rmse,pitch_rmse,roll_fcs_fluct,pitch_fcs_fluct
off,0.018431081991935293,0.017736374952364405,0.1357611210617211,0.1331779822356699,0.003613929139031827,0.00292475845493313
light,0.024862704416265875,0.021588250613174848,0.15767911851689773,0.14692940690404643,0.00435383348838771,0.0032932881506082885
moderate,0.04311315512219355,0.03629026942200682,0.20763707550000204,0.19050005097638903,0.0047284856301030125,0.003816440022265983
severe,0.30651673365064575,0.11878884654453134,0.5536395340387513,0.34465757868431,0.007821062250085092,0.005237335803506126
