severity,roll_mse,pitch_mse,roll_rmse,pitch_rmse,roll_fcs_fluct,pitch_fcs_fluct
off,0.027881714,0.019709762,0.16697818,0.14039145,0.002846824702097584,0.0024573996840986777
light,0.057477433,0.0282915,0.23974451,0.16820078,0.003275794353773793,0.0026838727747883918
moderate,0.25527325,0.04673228,0.50524575,0.21617651,0.003614338152002721,0.003088128849965165
severe,0.32160142,0.096893504,0.56709915,0.3112772,0.004742979291299957,0.0034726633077145565
