severity,roll_mse,pitch_mse,roll_rmse,pitch_rmse,roll_fcs_fluct,pitch_fcs_fluct
off,0.031170707,0.023161544,0.17655228,0.15218917,0.0069095946542896605,0.006977478493439635
light,0.0281816,0.024255661,0.16787376,0.15574229,0.007584217158374468,0.008230322640889083
moderate,0.036031418,0.029939737,0.18981944,0.17303103,0.006805693393835241,0.007670901847431015
severe,0.14513902,0.10735939,0.38097116,0.32765743,0.011434060048526555,0.011505998891205156
