severity,roll_mse,pitch_mse,roll_rmse,pitch_rmse,roll_fcs_fluct,pitch_fcs_fluct
off,0.00901672000514836,0.0013907290356022775,0.09495641107975995,0.03729247961187721,0.0005540805880421369,0.0001567137476910132
light,0.013318465462146665,0.0064728301008769385,0.1154056561098574,0.08045390047025028,0.0008741059568684269,0.0007885823593905676
moderate,0.024025230329944382,0.015910157276308158,0.1550007429980398,0.12613547191931443,0.001323297362551221,0.001572703556588812
severe,0.10823665727494255,0.05222461490299773,0.3289934000476948,0.22852705507881935,0.002581894657896911,0.0031332594169154425
