severity,roll_mse,pitch_mse,roll_rmse,pitch_rmse,roll_fcs_fluct,pitch_fcs_fluct
off,0.005567304,0.0027541947,0.07461437,0.052480422,0.0026635790637629803,0.002445339423244586
light,0.006423587,0.0044703586,0.08014728,0.06686074,0.003918438048695331,0.004453035675273694
moderate,0.0099319825,0.00908096,0.09965933,0.09529407,0.004993637401218945,0.0066557570306615575
severe,0.03981388,0.03789417,0.19953416,0.19466425,0.008149418165330486,0.010936299879210208
