severity,roll_mse,pitch_mse,roll_rmse,pitch_rmse,roll_fcs_fluct,pitch_fcs_fluct
off,0.004963439523830841,0.003397241126362459,0.07045168219305228,0.05828585700118391,0.0013657133298540089,0.0013247190982886847
light,0.0060335899915143956,0.004268064458008654,0.07767618677248772,0.06533042520915239,0.00257211139841517,0.003146567336327964
moderate,0.010419022520983786,0.008303442626579262,0.10207361324546019,0.09112322770062121,0.003806011148845,0.00463609427845015
severe,0.06237619448435251,0.03785052366727943,0.24975226622465813,0.19455211041589712,0.005920399957330778,0.007505829503318124
