severity,roll_mse,pitch_mse,roll_rmse,pitch_rmse,roll_fcs_fluct,pitch_fcs_fluct
off,0.02063676,0.015975658,0.143655,0.12639485,0.003287154436065525,0.0029265142114572712
light,0.026361167,0.018683381,0.16236122,0.13668716,0.003438094548797744,0.0031419608641016263
moderate,0.13063034,0.03986876,0.3614282,0.19967163,0.00403473330158737,0.0036212371788602467
severe,0.44225165,0.09778314,0.66502005,0.31270295,0.011863849884132522,0.00912829484342917
