severity,roll_mse,pitch_mse,roll_rmse,pitch_rmse,roll_fcs_fluct,pitch_fcs_fluct
off,0.0018952916,0.00057840184,0.043534946,0.024049986,0.0003046704247562753,0.00021087970934696582
light,0.004832323,0.0034877036,0.069514915,0.05905678,0.0009543141096457871,0.0013156117734364878
moderate,0.010679578,0.00900626,0.10334205,0.094901316,0.0016752628189114496,0.0026474205359805665
severe,0.08170198,0.040499806,0.2858356,0.20124564,0.0038882481507100664,0.004518651010763068
