severity,roll_mse,pitch_mse,roll_rmse,pitch_rmse,roll_fcs_fluct,pitch_fcs_fluct
off,0.0010280260187090716,0.0006568089762733953,0.0320628448318154,0.025628284692374464,0.00043151214470649,0.0002902170017796107
light,0.0023909894633140057,0.002142091957302412,0.048897744971665165,0.046282739302059596,0.001422658815580634,0.002038492758813466
moderate,0.005370761554667539,0.0053993440517670875,0.07328547983514565,0.07348022898553792,0.002481502332107478,0.003730195215705701
severe,0.06629669986782345,0.03476046026211621,0.2574814553862539,0.1864415733202126,0.008053398688385003,0.012195327748430334
