severity,roll_mse,pitch_mse,roll_rmse,pitch_rmse,roll_fcs_fluct,pitch_fcs_fluct
off,0.0566759785013483,0.02120849497730404,0.23806717224629753,0.14563136673568658,0.001627410244748054,0.0015039766556038776
light,0.047146723025110956,0.022242983215345544,0.21713296162745757,0.14914081673152238,0.0021651683294186576,0.0020708157126419677
moderate,0.21934840880637888,0.039191728892990815,0.4683464623613366,0.1979690099308243,0.0028379258591312235,0.002515808138950375
severe,0.16662074778232858,0.07158562971116889,0.4081920476715936,0.2675549097123222,0.003584698476806023,0.003082942239646526
