severity,roll_mse,pitch_mse,roll_rmse,pitch_rmse,roll_fcs_fluct,pitch_fcs_fluct
off,0.009658282783177893,0.004850906294534073,0.09827656273587256,0.0696484478975237,0.0006789488060544619,0.0004923637565022083
light,0.013322099734883781,0.0075201257684451754,0.11542140067978633,0.08671865870990611,0.001317416130925731,0.00137850165019487
moderate,0.023060419177382142,0.013687106245093185,0.15185657436338454,0.11699190675039528,0.0018240677344451967,0.0019077966598179672
severe,0.11827289340739369,0.052485860953462145,0.3439082630693739,0.22909792874110002,0.0032789094773936433,0.003442025060429491
