severity,roll_mse,pitch_mse,roll_rmse,pitch_rmse,roll_fcs_fluct,pitch_fcs_fluct
off,0.00062002224,0.0002315811,0.024900246,0.0152177885,0.0005751603873021857,0.0007128160766141567
light,0.0010187897,0.0008550927,0.031918485,0.029241968,0.0022500198733532303,0.004178897229490971
moderate,0.0023539395,0.0028806904,0.048517413,0.053672064,0.0035225072756334005,0.007987489694522032
severe,0.061254933,0.025377646,0.24749734,0.15930364,0.007064143424827628,0.015944343540125396
