severity,roll_mse,pitch_mse,roll_rmse,pitch_rmse,roll_fcs_fluct,pitch_fcs_fluct
off,0.034399692,0.023032768,0.18547153,0.1517655,0.00826848305930125,0.011227749277296094
light,0.027454142,0.021541348,0.16569291,0.1467697,0.008691317732171858,0.01262054855111107
moderate,0.033590287,0.03349676,0.18327653,0.1830212,0.011362199208414147,0.01690281127069632
severe,0.06037138,0.07013528,0.24570589,0.26483068,0.016253314169255177,0.02402962705844771
