severity,roll_rmse,pitch_rmse,roll_fcs_fluct,pitch_fcs_fluct,avg_rmse,avg_rmse_sem,avg_fcs_fluct,avg_fcs_fluct_sem
off,0.055212654,0.02957801,0.0872881960361273,0.0703603490473219,0.042395332,,0.07882427254,
off,0.10705249,0.1057041,0.0796681469790516,0.0977419295220286,0.106378295,,0.0887050382505401,
off,0.073885515,0.05762129,0.1065209359012307,0.0798965590330549,0.0657534,,0.0932087474671428,
off,0.087751,0.045457404,0.0934019135837927,0.0574281787813722,0.066604204,,0.0754150461825825,
off,0.042429708,0.022586059,0.1705967929107699,0.1310070104124393,0.03250788,,0.1508019016616046,
,,,,,0.06272782219999999,0.012759700813207181,0.097391001220374,0.013735587899370096
