severity,roll_rmse,pitch_rmse,roll_fcs_fluct,pitch_fcs_fluct,avg_rmse,avg_rmse_sem,avg_fcs_fluct,avg_fcs_fluct_sem
off,0.14343746,0.063778296,0.1332051318735999,0.1100372540175167,0.103607878,,0.1216211929,
off,0.14389873,0.071555905,0.1516128110033133,0.1279135405804678,0.10772732,,0.1397631757918906,
off,0.1799463,0.09221085,0.1171905510097812,0.0883360891586849,0.13607858,,0.1027633200842331,
off,0.13552472,0.061877973,0.1198252758736912,0.0916217939712085,0.09870134,,0.1057235349224499,
off,0.1469961,0.076214164,0.1345135594625105,0.12588885234386,0.11160513,,0.1302012059031853,
,,,,,0.11154404960000001,0.006497816352967677,0.12001448592035177,0.007064685152570603
