severity,roll_rmse,pitch_rmse,roll_fcs_fluct,pitch_fcs_fluct,avg_rmse,avg_rmse_sem,avg_fcs_fluct,avg_fcs_fluct_sem
off,0.083480075,0.042685766,0.1242803204724283,0.0892284216251107,0.0630829205,,0.106754371,
off,0.09912551,0.04820146,0.0863627195179796,0.0833788307757961,0.07366349,,0.0848707751468879,
off,0.1022478,0.06484856,0.1000089947343611,0.0750510600660954,0.08354817,,0.0875300274002283,
off,0.080114804,0.048099145,0.1208044145841459,0.0959424848428244,0.06410697,,0.1083734497134852,
off,0.08731992,0.04487029,0.1469336575415897,0.1188690848923594,0.06609511,,0.1329013712169746,
,,,,,0.0700993321,0.0038389236271438656,0.10408599889551522,0.008657809024491689
