severity,roll_rmse,pitch_rmse,roll_fcs_fluct,pitch_fcs_fluct,avg_rmse,avg_rmse_sem,avg_fcs_fluct,avg_fcs_fluct_sem
off,0.03710149,0.029313272,0.0142803750703731,0.0070979829727219,0.03320738,,0.0106891790215475,
off,0.04278622,0.030962795,0.1811346096922441,0.180416356596659,0.036874507,,0.1807754831444516,
off,0.045850705,0.021050489,0.1996972148622648,0.116671255226345,0.033450596,,0.1581842350443049,
off,0.042614896,0.026596302,0.2019850822253461,0.199336742738687,0.0346056,,0.2006609124820166,
off,0.040095612,0.027314218,0.2067173306717276,0.0471288207573958,0.033704914,,0.1269230757145617,
,,,,,0.034368599400000005,0.0006696036600728523,0.13544657708137647,0.033512444556067604
