severity,roll_rmse,pitch_rmse,roll_fcs_fluct,pitch_fcs_fluct,avg_rmse,avg_rmse_sem,avg_fcs_fluct,avg_fcs_fluct_sem
off,0.13284743,0.11782357,0.086119725595012,0.0363987211421886,0.1253355,,0.0612592233686003,
off,0.14925905,0.17656092,0.1720071240742415,0.1630329208536281,0.16290998,,0.1675200224639348,
off,0.15118676,0.09039798,0.2009265673999992,0.1264998190844393,0.120792374,,0.1637131932422192,
off,0.13408276,0.12439515,0.1991186492787931,0.1835794927716807,0.12923896,,0.1913490710252369,
off,0.15176648,0.15174653,0.1397088492746127,0.0405397861792711,0.1517565,,0.0901243177269418,
,,,,,0.1380066628,0.008194497997355778,0.1347931655653866,0.025008530772403233
