severity,roll_rmse,pitch_rmse,roll_fcs_fluct,pitch_fcs_fluct,avg_rmse,avg_rmse_sem,avg_fcs_fluct,avg_fcs_fluct_sem
off,0.085871086,0.075169034,0.0626020416736494,0.0245769855838198,0.08052006,,0.0435895136287346,
off,0.08713632,0.06416083,0.1904676465240348,0.1853062106425203,0.075648576,,0.1878869285832776,
off,0.097000614,0.052964743,0.2065587136993579,0.1246803393355382,0.07498268,,0.165619526517448,
off,0.08885399,0.07088467,0.2075042397834162,0.1963444618870326,0.07986933,,0.2019243508352244,
off,0.1017852,0.08827394,0.164936032765623,0.0384886358792158,0.09502957,,0.1017123343224194,
,,,,,0.0812100432,0.0036260369518128516,0.1401465307774208,0.029618375346666614
