severity,roll_mse,pitch_mse,roll_rmse,pitch_rmse,roll_fcs_fluct,pitch_fcs_fluct
off,0.0013765205,0.00085926795,0.03710149,0.029313272,0.014280375070373181,0.007097982972721936
