severity,roll_mse,pitch_mse,roll_rmse,pitch_rmse,roll_fcs_fluct,pitch_fcs_fluct
off,0.01764844,0.013882393,0.13284743,0.11782357,0.08611972559501202,0.03639872114218863
