severity,roll_mse,pitch_mse,roll_rmse,pitch_rmse,roll_fcs_fluct,pitch_fcs_fluct
off,0.029203003,0.01820501,0.17088886,0.13492595,0.0021368540586358623,0.0021185608901074376
light,0.026183274,0.0200204,0.16181247,0.14149345,0.0032548975828463763,0.003817351008101391
moderate,0.034200996,0.033057634,0.18493511,0.18181759,0.003814605396862357,0.0046359779023403165
severe,0.18320245,0.08614631,0.42802155,0.29350692,0.010589637979455477,0.011199812988328273
