severity,roll_mse,pitch_mse,roll_rmse,pitch_rmse,roll_fcs_fluct,pitch_fcs_fluct
off,0.013335588,0.0043353657,0.11547982,0.06584349,0.000908377360113591,0.0008958395734617935
light,0.013508223,0.0064540533,0.11622488,0.08033712,0.002168558832949734,0.0025349855908939956
moderate,0.013234148,0.010125794,0.115039766,0.100627005,0.003161712709251704,0.0034895704670960866
severe,0.058814224,0.06117376,0.24251644,0.2473333,0.0048165635857341784,0.0049447650042866
