severity,roll_mse,pitch_mse,roll_rmse,pitch_rmse,roll_fcs_fluct,pitch_fcs_fluct
off,0.013044517,0.0041581923,0.114212595,0.064484045,0.0008717789876034383,0.0008693832089543893
light,0.013629154,0.0050895116,0.11674397,0.071340814,0.002066747628462975,0.0024014532065852567
moderate,0.013244783,0.009125502,0.11508598,0.09552749,0.003160612001127427,0.003464677906853931
severe,0.08721978,0.054208934,0.29532996,0.23282813,0.004734867793972608,0.004956821837481678
