severity,roll_mse,pitch_mse,roll_rmse,pitch_rmse,roll_fcs_fluct,pitch_fcs_fluct
off,0.012426239,0.00393999,0.111473046,0.06276934,0.000990414304564974,0.0009566691266295305
light,0.0132708335,0.004987069,0.115199104,0.07061918,0.002304305764312187,0.0026514926464305645
moderate,0.012900441,0.008755287,0.11358011,0.09356969,0.003431233829220298,0.003775194183219649
severe,0.0921243,0.055965424,0.30351985,0.23657012,0.004879141776767357,0.005310279135485577
