severity,roll_mse,pitch_mse,roll_rmse,pitch_rmse,roll_fcs_fluct,pitch_fcs_fluct
off,0.012680104,0.00411167,0.11260597,0.064122304,0.0010254294019005135,0.0009843727751665849
light,0.013174341,0.006903904,0.11477953,0.08308973,0.0024822714693286257,0.0028429639501281086
moderate,0.013090332,0.009580998,0.114412986,0.09788257,0.0033910467920578087,0.003804609743148317
severe,0.059569765,0.05886712,0.24406917,0.24262547,0.00508795469195607,0.005377985927300739
