severity,roll_mse,pitch_mse,roll_rmse,pitch_rmse,roll_fcs_fluct,pitch_fcs_fluct
off,0.0009714835452326072,0.0003869498124243478,0.03116863078854455,0.01967103994262499,0.00034445924647900575,0.0006238947331377102
light,0.001917486515757737,0.0015295755256904142,0.04378911412392054,0.03910978810592579,0.003103547112053856,0.003967156646940733
moderate,0.004496433882915889,0.006411314662247532,0.06705545378950088,0.08007068541137595,0.006275810921997062,0.007589955756375372
severe,0.05278751429086727,0.0309225308398535,0.2297553357179486,0.17584803336930868,0.010116066721571039,0.011505263366570062
