severity,roll_mse,pitch_mse,roll_rmse,pitch_rmse,roll_fcs_fluct,pitch_fcs_fluct
off,0.0010453592533060361,0.0003512516092032767,0.032332015917756134,0.018741707745114283,0.00020639688236442704,0.000314455143251252
light,0.0023050338092178283,0.002283654690633195,0.04801076763828952,0.047787599758025046,0.0019291916812946375,0.0022020282726549966
moderate,0.006144666075634624,0.008977981423999986,0.07838792047015039,0.09475221065494982,0.0030529003617759164,0.0036018507707703774
severe,0.11400668003428817,0.04250667993626937,0.3376487524548079,0.20617148186950923,0.004976781628544837,0.005338427566689219
