severity,roll_mse,pitch_mse,roll_rmse,pitch_rmse,roll_fcs_fluct,pitch_fcs_fluct
off,0.001455452396993245,0.0013159413115893766,0.03815039183276163,0.03627590538621161,0.00018961704268336555,0.00028764115086448236
light,0.002833142231200168,0.0032825397318911576,0.053227269619999934,0.05729345278381429,0.001405302314269581,0.002152672792813939
moderate,0.006839414680728191,0.009633655493289794,0.08270075380991512,0.09815118691737658,0.0023591880319129813,0.003458910533000538
severe,0.1255157205170104,0.0470549383949126,0.3542819788205581,0.2169215028412642,0.003905286074334483,0.005239253777784857
