nseverity,roll_mse,pitch_mse,roll_rmse,pitch_rmse,roll_fcs_fluct,pitch_fcs_fluct
off,0.0010155889840774875,0.000270098439517539,0.03186830689066313,0.016434671871307288,0.0002403659705593931,0.0005253997673609263
light,0.0020608445169308983,0.0014336398600310668,0.04539652538389803,0.037863436981223283,0.00248291267420494,0.003109708493173044
moderate,0.0048535556207415665,0.006585667217039183,0.06966746457810537,0.08115212392192322,0.004422881582362921,0.005358983861944364
severe,0.10473360064746758,0.04116927515338243,0.3236257107330435,0.20290213195869192,0.007723066729585531,0.007652311202259688
