severity,roll_mse,pitch_mse,roll_rmse,pitch_rmse,roll_fcs_fluct,pitch_fcs_fluct
off,0.0010886894329608043,0.0003980323740553717,0.032995294103262726,0.019950748709143016,0.00040177363777488484,0.0006267761845539939
light,0.0020397016946094603,0.0011343025335282658,0.045163056745635144,0.03367940815287979,0.0038801060915842596,0.004639507359835669
moderate,0.004529646968262365,0.005085209487527207,0.06730265201507564,0.07131065479665158,0.008585235788939523,0.009082286980440928
severe,0.10967986040889949,0.041429443257633584,0.33117949877505926,0.2035422394925279,0.01380503592620292,0.013446703168229742
