severity,roll_mse,pitch_mse,roll_rmse,pitch_rmse,roll_fcs_fluct,pitch_fcs_fluct
off,0.0007734757208650395,0.0005308257815950822,0.027811431478171694,0.0230396567160859,0.00043884812697947596,0.0006591494493903423
light,0.0015574958946374205,0.00193591876704902,0.03946512250883583,0.04399907688860097,0.0015779508374919565,0.00457154317069796
moderate,0.003707780060841929,0.006332130850178596,0.06089154342634065,0.07957468724524525,0.0025918207400327975,0.00896411135796976
severe,0.05872294201534042,0.03336998826568157,0.24232817008210253,0.18267454191999927,0.007424434684286714,0.019901756460556256
