severity,roll_mse,pitch_mse,roll_rmse,pitch_rmse,roll_fcs_fluct,pitch_fcs_fluct
off,0.004908991383978436,0.00327657415523197,0.07006419473581664,0.0572413675171372,0.0011704496672129885,0.0012429137153225874
light,0.005475876663364269,0.004884394666692056,0.07399916663966068,0.0698884444432129,0.0025684354985811204,0.0032794730658408395
moderate,0.00864665296372267,0.00926977979807895,0.0929873806692213,0.09627969566881145,0.004022965241228676,0.0054125753904601635
severe,0.06191324955854141,0.04375496270071784,0.24882373190381463,0.20917686942087513,0.013365335206711945,0.015703427467724025
