severity,roll_mse,pitch_mse,roll_rmse,pitch_rmse,roll_fcs_fluct,pitch_fcs_fluct
off,0.01621092179862952,0.014086064221124198,0.12732211826163403,0.11868472614925729,0.0030216399800085643,0.0028797844528236543
light,0.0170960554704399,0.016480711845300637,0.1307518851506161,0.12837722479201924,0.003822418153879467,0.003963966805422202
moderate,0.022234040771562085,0.028634773739201886,0.14911083385040164,0.1692181247360988,0.004845162826329351,0.005031901644896376
severe,0.06949740344012532,0.08640082583909943,0.2636236018267813,0.29394017391146016,0.006588550192798278,0.006713294060990327
