severity,roll_mse,pitch_mse,roll_rmse,pitch_rmse,roll_fcs_fluct,pitch_fcs_fluct
off,0.0006057143820889866,0.00023593165906483563,0.024611265349205158,0.015360067026703875,0.0005650336603667834,0.0007758108599315039
light,0.0009042059392313887,0.0009267146754614786,0.030070017280197706,0.03044198869097547,0.0024267320582962064,0.00453438065532449
moderate,0.0017772746796810629,0.0031216844124390677,0.04215773570391397,0.05587203605059572,0.003811088043814528,0.008831024078960626
severe,0.056579008296679986,0.028711466658786863,0.237863423620951,0.16944458285465153,0.013514172778710903,0.020837871231282955
