severity,roll_mse,pitch_mse,roll_rmse,pitch_rmse,roll_fcs_fluct,pitch_fcs_fluct
off,0.0049100255266262055,0.0026918682345019557,0.07007157431245715,0.051883217272080916,0.0010875009654869121,0.0011217162384239282
light,0.00568429085890126,0.004333144960726087,0.07539423624456487,0.06582662805222585,0.002501865805999771,0.0030956263301716376
moderate,0.009173761993782018,0.00926848684059454,0.09577975774547573,0.09627298084402777,0.003927401243230621,0.005170974826138527
severe,0.06330305462661859,0.05105621815214262,0.25160098296035843,0.22595623061146736,0.013380233567412372,0.015543816466111297
