severity,roll_mse,pitch_mse,roll_rmse,pitch_rmse,roll_fcs_fluct,pitch_fcs_fluct
off,0.0006934941617868165,0.00037070866409926004,0.02633427731658525,0.019253796095816015,0.0005193052440073448,0.000433524999378261
light,0.0008598419093273765,0.0009400111019304156,0.029323061049750188,0.030659600485499084,0.002565783558402818,0.003136651360557788
moderate,0.0014156125812183446,0.002449766711162528,0.03762462732331504,0.04949511805382959,0.003830960939479573,0.00481909869042929
severe,0.062081816393879705,0.02946337720749896,0.2491622290674887,0.1716489941930886,0.0058747741418019314,0.01437859944400361
