severity,roll_mse,pitch_mse,roll_rmse,pitch_rmse,roll_fcs_fluct,pitch_fcs_fluct
off,0.004645445347546337,0.0025002208320854336,0.06815750397092266,0.05000220827208968,0.0040767006670080486,0.007079809590062546
light,0.004852570305012028,0.003777903922896928,0.06966039265617176,0.06146465588366153,0.0076653069871749305,0.014972420901144985
moderate,0.006252315872742389,0.006265927637135651,0.07907158701292386,0.07915761262908104,0.009937236293352627,0.016953378811229432
severe,0.033005661505546555,0.03682752363731854,0.18167460335871538,0.19190498596263345,0.014399126171181048,0.022006585344435267
