severity,roll_mse,pitch_mse,roll_rmse,pitch_rmse,roll_fcs_fluct,pitch_fcs_fluct
off,0.004910787907058017,0.0023805256411537387,0.07007701411345961,0.04879063066976834,0.001449326981326912,0.0012495238118457423
light,0.005287102812176238,0.0037801043215082326,0.0727124666902192,0.06148255298463323,0.003223245871738027,0.002926764200178294
moderate,0.007178633849374981,0.006858505086336438,0.0847268189499345,0.08281609195281095,0.004333165905452645,0.00422729232645335
severe,0.04737537185192896,0.040452996441531615,0.21765884280664766,0.20112930279183988,0.0060812327382985965,0.006353828614573019
