severity,roll_mse,pitch_mse,roll_rmse,pitch_rmse,roll_fcs_fluct,pitch_fcs_fluct
off,0.0007406130513446367,0.00032457065058344865,0.027214206792494186,0.018015844431595446,0.00047107154668369564,0.00031897741893563615
light,0.0009531560820483912,0.0011556983978070303,0.03087322597410888,0.033995564384299175,0.002299649266363483,0.0025096128080462922
moderate,0.001709971666598584,0.003407354320326317,0.04135180366802135,0.05837254766006292,0.003336001634673156,0.00392491994780885
severe,0.06370170531287404,0.030977780242098407,0.25239196760767574,0.17600505743329767,0.00513804628039268,0.012099468347997333
