severity,roll_mse,pitch_mse,roll_rmse,pitch_rmse,roll_fcs_fluct,pitch_fcs_fluct
off,0.0007870318597488165,0.0006034407357563579,0.028054088111161564,0.02456503075016105,0.0004952734039982817,0.0003609638536863874
light,0.0009737261989985139,0.0011133575098110796,0.031204586185343237,0.033367012299741185,0.002579554370887517,0.0036198044209318925
moderate,0.001486909608405452,0.002496927677244936,0.038560466911144266,0.04996926732747776,0.003841833708301379,0.005546887721036703
severe,0.06205415607170996,0.028161229720390816,0.24910671623163827,0.16781307970593595,0.006878343506141471,0.015843907206481368
