severity,roll_mse,pitch_mse,roll_rmse,pitch_rmse,roll_fcs_fluct,pitch_fcs_fluct
off,0.012004522860807589,0.003655449867738329,0.10956515349693802,0.060460316470709353,0.0010115382769636228,0.0010171187090540828
light,0.012673892963746911,0.0046109916389863075,0.11257838586401438,0.06790428292078717,0.0025701071509226063,0.0034289591544154176
moderate,0.011893301311734671,0.00831297440244467,0.10905641343696698,0.0911755142702506,0.004006155775467903,0.00484892762873003
severe,0.09664235287955243,0.05649138670530062,0.3108735319700801,0.23767916758794957,0.006039266989938993,0.007240112370728385
