severity,roll_mse,pitch_mse,roll_rmse,pitch_rmse,roll_fcs_fluct,pitch_fcs_fluct
off,0.000694167169033601,0.0005907767987040065,0.026347052378465432,0.024305900491526877,0.0004760937306921467,0.0003929063149967738
light,0.0008739092524961642,0.0013457907525425549,0.029561956168294483,0.03668502081970998,0.0024118154318990156,0.0026509506881907553
moderate,0.001436344625587339,0.003206993511338392,0.037899137530916706,0.05663032324946055,0.003548225853642808,0.004139580148326188
severe,0.06742160241238328,0.03096470182417543,0.2596567010735199,0.17596789998228493,0.006083918917084925,0.012186728856214238
