severity,roll_mse,pitch_mse,roll_rmse,pitch_rmse,roll_fcs_fluct,pitch_fcs_fluct
off,0.000667571784288414,0.0003278169879705895,0.02583741055695044,0.018105716996865643,0.0005620673557833597,0.0005020384124486942
light,0.0008275560231520366,0.0007929362085656384,0.028767273474419444,0.028159123007750763,0.0027609478981846375,0.003844747701225712
moderate,0.0013612794913466274,0.002211687052363189,0.036895521291162525,0.04702857697574092,0.004053289936560891,0.005783600825950808
severe,0.06273157196781776,0.02964919365313733,0.2504627157239531,0.17218941214005387,0.007131468051660953,0.015898363760346184
