severity,roll_mse,pitch_mse,roll_rmse,pitch_rmse,roll_fcs_fluct,pitch_fcs_fluct
off,0.0044258666514198014,0.0021254655499397435,0.06652718731030045,0.046102771608003607,0.0023883551113034547,0.0021788771249880274
light,0.00461071737476489,0.0032752887703545296,0.06790226339942498,0.05723013865398659,0.005492907530147577,0.0071049457489203325
moderate,0.005830711373164782,0.005740125113896832,0.07635909489487668,0.07576361338991713,0.007829574788458657,0.010344447380019382
severe,0.03513161673340124,0.04176558997595493,0.1874342997783523,0.20436631321221932,0.011671907525292884,0.016031770203566678
