severity,roll_mse,pitch_mse,roll_rmse,pitch_rmse,roll_fcs_fluct,pitch_fcs_fluct
off,0.0012510249859620077,0.002225333866251041,0.03536983157949734,0.04717344450271827,0.0002940300336718431,0.00027926866398868424
light,0.001587663248719287,0.004020216501498892,0.039845492200740684,0.0634051772452289,0.0015666481381871667,0.0015972457393448709
moderate,0.0030515096234605636,0.007031428930215276,0.0552404708837693,0.08385361608311996,0.002496826675217424,0.00253473247797486
severe,0.07968114685023077,0.03491186031456358,0.28227849165359864,0.1868471576304108,0.003566457554901963,0.004127603897058704
