severity,roll_mse,pitch_mse,roll_rmse,pitch_rmse,roll_fcs_fluct,pitch_fcs_fluct
off,0.0007382913700386256,0.0007217165736407118,0.027171517624870082,0.02686478314896124,0.0004971852669471552,0.0004044149686577245
light,0.000903505130018449,0.0013659880362130287,0.03005836206479736,0.03695927537456638,0.0024336082274124663,0.0026827391350330958
moderate,0.0014696282402170257,0.0031386883041524044,0.038335730594538375,0.05602399757382906,0.0036174539214487945,0.004259265417299444
severe,0.06349938730884731,0.02827930503034881,0.2519908476688138,0.16816451775076932,0.0053141679815596555,0.0067880411553891806
