severity,roll_mse,pitch_mse,roll_rmse,pitch_rmse,roll_fcs_fluct,pitch_fcs_fluct
off,0.017956167308848126,0.01172746494232967,0.13400062428529252,0.1082934205865235,0.004254625905407387,0.0036386113551867914
light,0.0192253985390596,0.015624994664269221,0.13865568339977846,0.12499997865707506,0.004875731145495734,0.004328461444221525
moderate,0.022756260848955212,0.01942654472169914,0.15085178437444885,0.13937914019572348,0.00540826071096856,0.004933546875973706
severe,0.10017065837853448,0.06393534021023588,0.31649748558011404,0.2528543853885787,0.006600717442096802,0.006149597401778417
