severity,roll_mse,pitch_mse,roll_rmse,pitch_rmse,roll_fcs_fluct,pitch_fcs_fluct
off,0.01567348340739519,0.013921693374463614,0.12519378342152293,0.11799022575816868,0.004939007302667559,0.004482295980412954
light,0.016643116550288852,0.016792072420042173,0.12900820342245237,0.12958422905601658,0.005805814526367474,0.0057589678230406975
moderate,0.01772072503110308,0.021237448992017235,0.13311921360608725,0.1457307414103738,0.006550490160363437,0.006833813865841364
severe,0.09677623428025532,0.07676196741343276,0.3110887884194082,0.27705950157580367,0.00807350809280815,0.008597912982350893
