severity,roll_mse,pitch_mse,roll_rmse,pitch_rmse,roll_fcs_fluct,pitch_fcs_fluct
off,0.0006501823822203258,0.00027591894067315097,0.025498674126713448,0.0166108079476331,0.00067489663530709,0.0006998218997011674
light,0.0008032861481984974,0.0006179531366000397,0.028342303156209753,0.02485866321023799,0.0041333874965399356,0.007417168099840947
moderate,0.0011213640759873043,0.0017050205898895695,0.033486774642943806,0.041291894966077415,0.006662919138192656,0.012451207464141335
severe,0.062403700244563536,0.02632612469255265,0.24980732624277363,0.16225327328763708,0.010535885214386087,0.019254913835151516
