severity,roll_mse,pitch_mse,roll_rmse,pitch_rmse,roll_fcs_fluct,pitch_fcs_fluct
off,0.004552132491075051,0.002265861203146055,0.06746949304000328,0.04760106304638642,0.0013655937118412188,0.0011799572408248008
light,0.004910989309516859,0.003556471908490641,0.07007845110671938,0.059636162757932716,0.003181589818584873,0.002961910185868402
moderate,0.0064639529098617626,0.006691973652824372,0.08039871211569102,0.08180448430755109,0.004341740222841975,0.004236708101361464
severe,0.0486052817956629,0.04234629836223717,0.22046605588086093,0.20578216240052774,0.006081171764126856,0.006276383986910721
