severity,roll_mse,pitch_mse,roll_rmse,pitch_rmse,roll_fcs_fluct,pitch_fcs_fluct
off,0.005071868731274502,0.0024897575483887467,0.07121705365482696,0.04989747036061795,0.002066253022329566,0.0016310792243534402
light,0.0052972023792367045,0.003625672327723927,0.07278188221828771,0.060213556012943856,0.003749766264915097,0.0037912109138006885
moderate,0.006669478886046398,0.0064644485968270386,0.08166687753334517,0.08040179473635548,0.005077981640027905,0.005394325024648201
severe,0.04147430089484709,0.04179708343224123,0.20365240213375116,0.20444335017857937,0.007062272637697696,0.007872916069641677
