severity,roll_mse,pitch_mse,roll_rmse,pitch_rmse,roll_fcs_fluct,pitch_fcs_fluct
off,0.005752248605642055,0.001994001359706095,0.0758435798577708,0.0446542423483603,0.0006779710081977112,0.0005678725005489771
light,0.005766971780650386,0.0035074858168206405,0.07594058059200223,0.059224030737705116,0.001660538912874109,0.002167217182169427
moderate,0.007541437451581239,0.00684599588904144,0.08684145007760545,0.08274053353128344,0.0026154012964990873,0.003211597747643551
severe,0.04838393703955213,0.03458285591502171,0.21996349024224934,0.18596466308151585,0.00404825256120261,0.004906855692703571
