severity,roll_mse,pitch_mse,roll_rmse,pitch_rmse,roll_fcs_fluct,pitch_fcs_fluct
off,0.0009519790642592979,0.0005670823930402465,0.03085415797359082,0.023813491827958506,0.000575017152253436,0.0004164581907502235
light,0.0011136912544638042,0.0011640758947548382,0.03337201304182599,0.03411855645766448,0.0028641492106243143,0.0031245684083120507
moderate,0.0016369779809401902,0.002987250481518222,0.040459584537414495,0.05465574518308411,0.004188486024900375,0.004995581754891142
severe,0.0625539329483286,0.02805165432744751,0.2501078426365887,0.16748628101264745,0.00616312763678981,0.00793555804349144
