severity,roll_mse,pitch_mse,roll_rmse,pitch_rmse,roll_fcs_fluct,pitch_fcs_fluct
off,0.017308371924013792,0.013446999984248375,0.1315612858101265,0.11596120033980493,0.0038107887733212146,0.0033054393183477465
light,0.018606549793052478,0.016134027261447026,0.13640582756265393,0.12701979082586706,0.004383022858037303,0.00393818433357357
moderate,0.020438644400542244,0.024476296016768043,0.14296378702504436,0.15644902050434206,0.004934227066208309,0.004373522900149292
severe,0.0985578738790106,0.06847850334867893,0.31393928374609414,0.2616839761022423,0.006265096502207209,0.005450504437795077
