severity,roll_mse,pitch_mse,roll_rmse,pitch_rmse,roll_fcs_fluct,pitch_fcs_fluct
off,0.0006028063424939554,0.0002690132485604991,0.024552114827320993,0.016401623351378944,0.0006157376036735299,0.0005763092206047523
light,0.0007555056263043085,0.000631395768286033,0.0274864626007842,0.025127589782667836,0.0034739785519919703,0.0053025600565405825
moderate,0.0010733857791452254,0.0018001112126508287,0.03276256673621933,0.0424277175046081,0.005446383496534261,0.008689307433102027
severe,0.060535579459797845,0.026503087881358488,0.2460397924316265,0.16279769003692432,0.008917631244944463,0.014599967220620519
