severity,roll_mse,pitch_mse,roll_rmse,pitch_rmse,roll_fcs_fluct,pitch_fcs_fluct
off,0.0006406580285536694,0.0005431963063719784,0.025311223371336074,0.02330657217121339,0.0006726377612071294,0.0006185033576607803
light,0.0008119485875586262,0.0008995076920069938,0.028494711571774616,0.02999179374440605,0.003970975641151503,0.006286315066832632
moderate,0.0011346231094210082,0.0018775083562454738,0.03368416704359792,0.04333022451182862,0.00600268438071931,0.009734984263174045
severe,0.06123337458513146,0.025579166358425092,0.24745378272544444,0.15993488161881728,0.009787174423545602,0.015957790256929404
