severity,roll_mse,pitch_mse,roll_rmse,pitch_rmse,roll_fcs_fluct,pitch_fcs_fluct
off,0.0009626250217181629,0.0010467042228973962,0.031026198956980902,0.03235280857819605,0.000394782714448297,0.0003078159929082939
light,0.0011459512796497004,0.0020688346524428344,0.03385190215703839,0.04548444407094402,0.002082879940879507,0.002283802011099086
moderate,0.001968013872504968,0.004359753111508304,0.04436230238056821,0.06602842654121256,0.0032279729975372385,0.003608873239373066
severe,0.06966718252003092,0.029580592881173234,0.26394541579658265,0.1719900952996225,0.00469799916583379,0.005743216588112012
