severity,roll_mse,pitch_mse,roll_rmse,pitch_rmse,roll_fcs_fluct,pitch_fcs_fluct
off,0.00446362554265174,0.0021291219937727493,0.06681037002331106,0.046142409925932014,0.0018383718187521179,0.0017474724756758985
light,0.004615927853063004,0.0033129144508057657,0.06794062005209404,0.057557922572012324,0.0043014942757941075,0.004919356407341723
moderate,0.006048871227413117,0.005863338142482391,0.07777448956703681,0.07657243722438506,0.0059051838873250785,0.0069623413886691484
severe,0.046428618710157216,0.0444383638815744,0.2154730115586572,0.21080408886350946,0.008245667669921807,0.010261328687619902
