severity,roll_mse,pitch_mse,roll_rmse,pitch_rmse,roll_fcs_fluct,pitch_fcs_fluct
off,0.015129337928989114,0.020510102070434154,0.1230013736874069,0.1432134842479372,0.005411593242218982,0.00503326355100399
light,0.01583581567100644,0.0236527904860038,0.12584043734430694,0.15379463737726293,0.006706318327558738,0.007715209367343967
moderate,0.016683627934627056,0.024599748381508406,0.1291651188774549,0.156843069281076,0.00804409497225827,0.009853317431235511
severe,0.0993803502129521,0.079604396452735,0.3152464911984781,0.2821425108925186,0.010115829003934337,0.011878878538762858
