severity,roll_mse,pitch_mse,roll_rmse,pitch_rmse,roll_fcs_fluct,pitch_fcs_fluct
off,0.013570209235740486,0.003769751906055714,0.11649124102584059,0.061398305400521554,0.0008013349018219074,0.0007882437087176678
light,0.01411958990022937,0.0047310520428553516,0.11882588059942738,0.06878264347097567,0.0018234851378014783,0.002127068087662601
moderate,0.013956816698799527,0.009028741385911072,0.11813897197284022,0.09501968946440034,0.0027658544463326495,0.00306723422467144
severe,0.09520654542202625,0.049141846157173874,0.3085555791458425,0.22167960248334503,0.004316613914669905,0.004451398316798663
