severity,roll_mse,pitch_mse,roll_rmse,pitch_rmse,roll_fcs_fluct,pitch_fcs_fluct
off,0.012145124128394318,0.0034054504946684633,0.11020491880308392,0.058356237838541845,0.0011400166034133412,0.0013363125123857186
light,0.012769753629688914,0.004355868996489122,0.11300333459543976,0.06599900754169809,0.002751675894935058,0.004024243498884497
moderate,0.012126816094231942,0.007375215789017947,0.11012182387806671,0.0858790765496343,0.004412098452062327,0.005720223634095276
severe,0.08979316015593213,0.0543540101864471,0.29965506863047076,0.2331394650985695,0.006590808962099565,0.008491834407827567
