severity,roll_mse,pitch_mse,roll_rmse,pitch_rmse,roll_fcs_fluct,pitch_fcs_fluct
off,0.0006830751281092388,0.0003607425578091053,0.02613570599982405,0.018993223997233997,0.0005803143685743025,0.0005328646563151944
light,0.000843980456880172,0.0007619196030744697,0.029051341739757423,0.027602891208612,0.003034849591250888,0.00450329896442622
moderate,0.0013033751839866866,0.0021982021703495233,0.0361022877943585,0.04688498875279297,0.004451406425491768,0.00703418388540503
severe,0.06377538444927058,0.027826708877992226,0.2525378871561069,0.16681339537936463,0.006848735301853141,0.011183390972329552
