severity,roll_mse,pitch_mse,roll_rmse,pitch_rmse,roll_fcs_fluct,pitch_fcs_fluct
off,0.015070307902927698,0.010359624860721683,0.12276118239463034,0.10178224236438144,0.003869308818482775,0.003342442178556412
light,0.01666642611295404,0.01276313996427218,0.12909851320969595,0.1129740676627702,0.004581393425345764,0.0040252221572732675
moderate,0.016534918873381217,0.017489404253612523,0.12858817548041196,0.13224751133239718,0.00520308393234406,0.004620822631812632
severe,0.09943508193677444,0.07167481161146587,0.3153332870738109,0.2677215187680398,0.0065052494295073605,0.005709827210959745
