severity,roll_mse,pitch_mse,roll_rmse,pitch_rmse,roll_fcs_fluct,pitch_fcs_fluct
off,0.0160660531887345,0.011440679110966344,0.1267519356409775,0.10696111027362395,0.003721610305260534,0.003293792515614363
light,0.017511215322318103,0.013942884760242975,0.1323299486976327,0.1180799930565842,0.004632831899899449,0.004493163170197629
moderate,0.018270731153323724,0.024782702593314988,0.13516926852403888,0.15742522857952276,0.005718952830763291,0.005516254691562694
severe,0.0978713323346501,0.0751323373956567,0.3128439424611736,0.2741027861873292,0.007087517569634803,0.0067330755937499995
