severity,roll_rmse,pitch_rmse,roll_fcs_fluct,pitch_fcs_fluct,avg_rmse,avg_rmse_sem,avg_fcs_fluct,avg_fcs_fluct_sem
off,0.03460442,0.023595111,0.0094663997846538,0.0026935009245365,0.029099766,,0.0060799503545952,
off,0.03302558,0.023557376,0.000441272177875,0.0003117747923719,0.028291479,,0.0003765234851234,
off,0.043036498,0.023704406,0.0164659207667298,0.0057015645497047,0.03337045,,0.0110837426582173,
off,0.040996093,0.02878914,0.0007377466125019,0.0026668720361516,0.03489262,,0.0017023093243268,
off,0.036250412,0.025251644,0.0167625845343034,0.0062767769623836,0.030751027,,0.0115196807483435,
,,,,,0.0312810684,0.0012527068543045734,0.00615244131412124,0.002305375766807811
