severity,roll_rmse,pitch_rmse,roll_fcs_fluct,pitch_fcs_fluct,avg_rmse,avg_rmse_sem,avg_fcs_fluct,avg_fcs_fluct_sem
off,0.13346852,0.32435474,0.0972334666590073,0.0388941824643987,0.22891164,,0.068063824561703,
off,0.14836045,0.2654504,0.0361133085043508,0.0265237387318859,0.20690542,,0.0313185236181184,
off,0.15278679,0.09123949,0.09994546905558,0.0388543406714312,0.12201314,,0.0693999048635056,
off,0.12967128,0.09800419,0.0099139958134837,0.0580971212818623,0.113837734,,0.034005558547673,
off,0.13270971,0.102393426,0.1026368312341889,0.0454641946966918,0.117551565,,0.0740505129654403,
,,,,,0.15784389979999996,0.024800720434462565,0.05536766491128806,0.009332325070927436
