severity,roll_rmse,pitch_rmse,roll_fcs_fluct,pitch_fcs_fluct,avg_rmse,avg_rmse_sem,avg_fcs_fluct,avg_fcs_fluct_sem
off,0.08287964,0.064430244,0.0661728494479702,0.0210224237189301,0.07365494,,0.0435976365834501,
off,0.07825325,0.06545138,0.0017282877282984,0.0047574647883314,0.07185231,,0.0032428762583149,
off,0.097036734,0.052242007,0.0712213934725092,0.0253185965597952,0.07463937,,0.0482699950161522,
off,0.08672209,0.07065891,0.0056966828772316,0.035181848305508,0.0786905,,0.0204392655913698,
off,0.083952524,0.06297862,0.0733149893673641,0.0292600156040997,0.07346557,,0.0512875024857319,
,,,,,0.07446053799999999,0.001148180346554494,0.03336745518700378,0.009280352207227022
