severity,roll_mse,pitch_mse,roll_rmse,pitch_rmse,roll_fcs_fluct,pitch_fcs_fluct
off,0.005207052,0.0019429533,0.07215991,0.044078946,0.0009381336394922869,0.0010130098040235208
light,0.005054075,0.0034167948,0.07109202,0.058453355,0.002888139983568857,0.004434157122246071
moderate,0.00611276,0.0055900337,0.07818414,0.07476653,0.004349260484301635,0.00654826257805866
severe,0.046458956,0.037194826,0.21554339,0.1928596,0.007463003731892198,0.011296838194860059
