severity,roll_rmse,pitch_rmse,roll_fcs_fluct,pitch_fcs_fluct,avg_rmse,avg_rmse_sem,avg_fcs_fluct,avg_fcs_fluct_sem
off,0.04332702,0.052411012,0.0015936974270074,0.0072144589276407,0.047869015,,0.0044040781773241,
off,0.03437181,0.025676051,0.0005140282910339,0.0005507494652207,0.030023929,,0.0005323888781273,
off,0.07492542,0.08755528,0.0035732366112423,0.0096002269003539,0.081240356,,0.0065867317557981,
off,0.052395277,0.048864927,0.0035705253869182,0.0057786829984671,0.0506301,,0.0046746041926926,
off,0.057753913,0.026701445,0.0009691510120591,0.0011602068593028,0.042227678,,0.001064678935681,
,,,,,0.0503982156,0.008483977515397095,0.00345249638792462,0.001150025799354833
