severity,roll_rmse,pitch_rmse,roll_fcs_fluct,pitch_fcs_fluct,avg_rmse,avg_rmse_sem,avg_fcs_fluct,avg_fcs_fluct_sem
off,0.12444536,0.13421535,0.0041169262528657,0.0194059994112166,0.12933035,,0.0117614628320412,
off,0.14021541,0.10016104,0.0030910983708601,0.0029485016509136,0.12018822,,0.0030198000108869,
off,0.22521752,0.3462459,0.0098870118851482,0.0361471552922037,0.28573173,,0.023017083588676,
off,0.14871417,0.09423519,0.0082669344748282,0.0104148432878471,0.12147468,,0.0093408888813376,
off,0.13662165,0.06368918,0.006578563960559,0.0188421645115032,0.10015541,,0.0127103642360311,
,,,,,0.15137607799999997,0.03393212951373954,0.01196991990979456,0.003237653377486007
