severity,roll_rmse,pitch_rmse,roll_fcs_fluct,pitch_fcs_fluct,avg_rmse,avg_rmse_sem,avg_fcs_fluct,avg_fcs_fluct_sem
off,0.07531333,0.10182676,0.0021235369192935,0.0106129285441139,0.08857004,,0.0063682327317037,
off,0.08710514,0.043664947,0.0012745537897506,0.0015303935204499,0.06538504,,0.0014024736551002,
off,0.115860246,0.08136982,0.0067873462419672,0.0254718530553081,0.098615035,,0.0161295996486376,
off,0.1004585,0.06527257,0.0040776751229267,0.0047550784434761,0.082865536,,0.0044163767832014,
off,0.08845425,0.043985635,0.002877210120334,0.0058741960814126,0.06621994,,0.0043757031008733,
,,,,,0.08033111820000001,0.006446376204168761,0.006538477183903239,0.0025256489007757887
