severity,roll_mse,pitch_mse,roll_rmse,pitch_rmse,roll_fcs_fluct,pitch_fcs_fluct
off,0.020640472,0.005126283,0.14366792,0.07159807,0.003405028235285482,0.002778167885314451
