severity,roll_mse,pitch_mse,roll_rmse,pitch_rmse,roll_fcs_fluct,pitch_fcs_fluct
off,0.0017435149,0.003078097,0.04175542,0.0554806,0.005259781818311236,0.010785865309566782
