severity,roll_mse,pitch_mse,roll_rmse,pitch_rmse,roll_fcs_fluct,pitch_fcs_fluct
off,0.008174373,0.0027051412,0.09041224,0.052010972,0.0019256851768692576,0.0016770088625346754
