severity,roll_mse,pitch_mse,roll_rmse,pitch_rmse,roll_fcs_fluct,pitch_fcs_fluct
off,0.0008057905,0.0005425278,0.02838645,0.023292227,0.00040413921089524547,0.00026954951510495007
light,0.0010434885,0.0015521952,0.032303073,0.039397907,0.002017786418756016,0.0021685631617648846
moderate,0.001969214,0.003994302,0.044375826,0.06320049,0.003033492320903671,0.0033631330265273414
severe,0.07240837,0.03064749,0.26908803,0.17506425,0.0043415194640952825,0.005383843146311881
