severity,roll_mse,pitch_mse,roll_rmse,pitch_rmse,roll_fcs_fluct,pitch_fcs_fluct
off,0.014120248,0.00877052,0.11882865,0.09365106,0.004269108056422158,0.0036090723568882378
light,0.015023665,0.01042486,0.12257106,0.102102205,0.004820325757480581,0.004295154918253697
moderate,0.015004528,0.02007833,0.12249297,0.14169802,0.005621425291536991,0.004979126765277609
severe,0.10148535,0.07311781,0.31856766,0.27040306,0.006558171094076677,0.005935038803447118
