severity,roll_mse,pitch_mse,roll_rmse,pitch_rmse,roll_fcs_fluct,pitch_fcs_fluct
off,0.005089173,0.0023024282,0.07133844,0.047983624,0.0010315172969246763,0.0008220920531834681
light,0.0052811145,0.0035725744,0.07267128,0.059771016,0.0025085783605241115,0.002358691727119349
moderate,0.0071342345,0.0069245165,0.0844644,0.08321368,0.0035874866121526315,0.003466329706404729
severe,0.06688612,0.042843036,0.2586235,0.2069856,0.005317764221077524,0.0053105503598265495
