severity,roll_mse,pitch_mse,roll_rmse,pitch_rmse,roll_fcs_fluct,pitch_fcs_fluct
off,0.013207915,0.007738671,0.1149257,0.08796971,0.004997740077228005,0.004585873587179417
light,0.013897237,0.0102974,0.11788654,0.1014761,0.006500585347640084,0.006388378125826136
moderate,0.0126583725,0.013739198,0.11250943,0.11721433,0.0078978733993462,0.007812912591736287
severe,0.091354005,0.08288807,0.30224824,0.2879029,0.010345840110343918,0.010028549065482357
