severity,roll_mse,pitch_mse,roll_rmse,pitch_rmse,roll_fcs_fluct,pitch_fcs_fluct
off,0.0006512093,0.000405603,0.025518803,0.020139588,0.0005510840351288693,0.0004783434615479398
light,0.00079883466,0.0008035848,0.028263664,0.028347572,0.0028686202332427278,0.0040521697932934695
moderate,0.0011648558,0.0019830256,0.034129985,0.044531174,0.004303717502966592,0.006367912497200605
severe,0.06256375,0.026546003,0.25012746,0.16292945,0.006642907039042324,0.010291690483704269
