severity,roll_mse,pitch_mse,roll_rmse,pitch_rmse,roll_fcs_fluct,pitch_fcs_fluct
off,0.0009038934,0.00034745937,0.03006482,0.018640261,0.0005124858360041966,0.0003445653242263531
light,0.0010529408,0.0010114621,0.03244905,0.031803492,0.002525276509134736,0.002779301981907593
moderate,0.0015391187,0.0028880904,0.039231602,0.053740956,0.003721757064406228,0.004328647901370076
severe,0.061052836,0.027627956,0.24708872,0.1662166,0.005407527543487073,0.006846229991247126
