severity,roll_mse,pitch_mse,roll_rmse,pitch_rmse,roll_fcs_fluct,pitch_fcs_fluct
off,0.0125010405,0.007640324,0.111808054,0.087408945,0.0031295208988353427,0.002885352884519573
light,0.013269108,0.010195829,0.115191616,0.100974396,0.004456786859850638,0.004203590121718184
moderate,0.012618166,0.017402932,0.112330616,0.13192017,0.0055432629506544295,0.005083681953878216
severe,0.095254235,0.08298192,0.30863285,0.28806582,0.007396103730146655,0.006306703555254796
