severity,roll_mse,pitch_mse,roll_rmse,pitch_rmse,roll_fcs_fluct,pitch_fcs_fluct
off,0.004493908,0.0020960907,0.067036614,0.045783084,0.0011908532597925525,0.001048146681430668
light,0.0046114284,0.0031902308,0.0679075,0.05648213,0.002964293352328817,0.0029285437240021295
moderate,0.0059442474,0.0056806756,0.07709894,0.07537026,0.004416495047716604,0.00435059650448742
severe,0.054091476,0.040226378,0.23257574,0.20056514,0.0062712894784238945,0.006447867815466396
