severity,roll_mse,pitch_mse,roll_rmse,pitch_rmse,roll_fcs_fluct,pitch_fcs_fluct
off,0.0044446466,0.0018140727,0.06666818,0.042591933,0.001179887956294244,0.0013077914148108389
light,0.004467704,0.002839113,0.06684089,0.053283326,0.0032696648321106363,0.004354325929806033
moderate,0.0056977617,0.004851931,0.075483516,0.069655806,0.0050468582411709,0.006572685529451466
severe,0.050525717,0.03741844,0.22477926,0.19343847,0.007639987170275732,0.009809226740369454
