severity,roll_mse,pitch_mse,roll_rmse,pitch_rmse,roll_fcs_fluct,pitch_fcs_fluct
off,0.004395703,0.0019547355,0.066300094,0.04421239,0.0010994068244746628,0.0010615622092375952
light,0.0044389176,0.0030978536,0.0666252,0.055658367,0.0029864392072854523,0.0032058739806264036
moderate,0.0056213783,0.005485584,0.07497585,0.07406473,0.004524264580475708,0.0047895963275808055
severe,0.05045605,0.04015761,0.22462425,0.20039363,0.006870823339305212,0.007278734414563782
