severity,roll_mse,pitch_mse,roll_rmse,pitch_rmse,roll_fcs_fluct,pitch_fcs_fluct
off,0.000641686,0.0002660596,0.025331523,0.016311333,0.0006018478320120651,0.000573983597408765
light,0.0007895102,0.00065322535,0.028098224,0.025558274,0.0033910338058428698,0.005517882187213469
moderate,0.0010881614,0.0016343524,0.032987293,0.040427126,0.005234651282149021,0.008712134102985252
severe,0.061745983,0.02582686,0.24848738,0.16070737,0.00841032193297317,0.014128448013895727
