severity,roll_mse,pitch_mse,roll_rmse,pitch_rmse,roll_fcs_fluct,pitch_fcs_fluct
off,0.014231698,0.009599217,0.11929668,0.0979756,0.004769685653562538,0.004428255926392347
light,0.01516066,0.012250513,0.12312863,0.11068203,0.005821287910148547,0.005844516378565534
moderate,0.015732877,0.016161801,0.12543076,0.12712908,0.006573844711481846,0.006888805879688571
severe,0.09620619,0.07180719,0.31017122,0.26796862,0.008297299496989785,0.008558157663521875
