severity,roll_mse,pitch_mse,roll_rmse,pitch_rmse,roll_fcs_fluct,pitch_fcs_fluct
off,0.0006545568,0.0003753965,0.025584307,0.019375153,0.000533362345286491,0.00039546020294604
light,0.00079459464,0.00095072424,0.028188555,0.030833816,0.0027444404124223496,0.0031335928222156
moderate,0.0012100036,0.0025209242,0.034785107,0.050208807,0.004014838307917835,0.004998759198779483
severe,0.06454272,0.028145606,0.25405258,0.16776653,0.006083970134965273,0.008162968861717275
