severity,roll_mse,pitch_mse,roll_rmse,pitch_rmse,roll_fcs_fluct,pitch_fcs_fluct
off,0.014975654,0.0079326,0.122375056,0.08906514,0.002433371894509655,0.0022158846307866655
light,0.015602007,0.009772197,0.12490799,0.09885442,0.0034062597174219955,0.0030707913262436907
moderate,0.018189242,0.015914764,0.1348675,0.12615374,0.004308008803903524,0.003909260585289081
severe,0.08962706,0.06932626,0.29937777,0.2632988,0.00555814793250411,0.004931452678252388
