severity,roll_mse,pitch_mse,roll_rmse,pitch_rmse,roll_fcs_fluct,pitch_fcs_fluct
off,0.0043120673,0.0016409544,0.06566633,0.040508695,0.0011542417235985104,0.001282092594580017
light,0.0043284013,0.0026958596,0.065790586,0.05192167,0.0037682501313202523,0.0050790398366026175
moderate,0.005405171,0.004464295,0.07351987,0.066815384,0.00570398602195825,0.007600861246558977
severe,0.047315665,0.035067808,0.21752164,0.18726401,0.009292675257215647,0.012068417556711215
