severity,roll_mse,pitch_mse,roll_rmse,pitch_rmse,roll_fcs_fluct,pitch_fcs_fluct
off,0.0073789232,0.002946834,0.08590066,0.05428475,0.0009285204521959107,0.0010630764421594502
light,0.008039842,0.00305228,0.08966517,0.055247445,0.0018419173761070147,0.0024299718440596203
moderate,0.008693877,0.003792297,0.09324096,0.06158163,0.002320250921256977,0.003147500106311099
severe,0.009950142,0.0077343383,0.0997504,0.08794509,0.003575680933467729,0.004961428627701802
