severity,roll_mse,pitch_mse,roll_rmse,pitch_rmse,roll_fcs_fluct,pitch_fcs_fluct
off,0.0010568068,0.0005909555,0.032508563,0.024309576,0.00044981779513823616,0.0005631405741971484
light,0.0013275995,0.000809887,0.036436237,0.028458513,0.0013214137008133126,0.0020691570226412576
moderate,0.0015843527,0.0010839868,0.03980393,0.032923955,0.0017342818131812795,0.002774628540829616
severe,0.002664397,0.002568845,0.051617797,0.050683774,0.0028957614837368468,0.004700897741706691
