severity,roll_mse,pitch_mse,roll_rmse,pitch_rmse,roll_fcs_fluct,pitch_fcs_fluct
off,0.015878,0.07825189,0.12600793,0.2797354,0.001717130980829938,0.0011693901753742247
light,0.016369233,0.075591184,0.12794231,0.27493852,0.002564579315994799,0.002331016658051869
moderate,0.016508067,0.08021224,0.12848373,0.28321767,0.0031801798164767083,0.002983749462630658
severe,0.018143317,0.07612062,0.13469712,0.27589965,0.0044008081365017986,0.0044699235031756416
