severity,roll_mse,pitch_mse,roll_rmse,pitch_rmse,roll_fcs_fluct,pitch_fcs_fluct
off,0.012107982,0.0044930847,0.11003628,0.067030475,0.0013264180950652142,0.0012537437110538118
light,0.012889281,0.0056132236,0.11353097,0.07492145,0.0025874032489577713,0.0029071991276257087
moderate,0.012846384,0.0103663625,0.11334189,0.101815335,0.003968894914329817,0.0041338929556225265
severe,0.09091754,0.059933145,0.30152535,0.24481247,0.005319829653586327,0.005565524492466187
