severity,roll_mse,pitch_mse,roll_rmse,pitch_rmse,roll_fcs_fluct,pitch_fcs_fluct
off,0.0007848109,0.00044018912,0.028014477,0.020980684,0.0004533039145959962,0.00034392533068668943
light,0.00096784456,0.0011207176,0.031110201,0.03347712,0.002350586124114412,0.003019460316071579
moderate,0.0014423832,0.0028537374,0.03797872,0.053420383,0.003536026924241474,0.0046950162179730534
severe,0.07161397,0.029661726,0.26760787,0.1722258,0.005287097035658902,0.007453320986476212
