severity,roll_mse,pitch_mse,roll_rmse,pitch_rmse,roll_fcs_fluct,pitch_fcs_fluct
off,0.0045719137,0.0017581865,0.067615926,0.041930735,0.0009468522785700807,0.0009567695013443436
light,0.0045867064,0.002810588,0.06772523,0.05301498,0.0023953418562177014,0.0030872649215793694
moderate,0.0057361196,0.0050785756,0.07573717,0.071264125,0.0038017317249536674,0.004647975883603581
severe,0.05050772,0.03784469,0.22473922,0.19453712,0.005948235082932767,0.007125029736337005
