severity,roll_mse,pitch_mse,roll_rmse,pitch_rmse,roll_fcs_fluct,pitch_fcs_fluct
off,0.00464549,0.002273179,0.06815783,0.047677867,0.0009014118134676399,0.00075515558120974
light,0.0048288214,0.0033461505,0.069489725,0.05784592,0.0022335556823601427,0.002729501827922597
moderate,0.006170942,0.0058073755,0.078555346,0.07620614,0.003469720916473619,0.004103131819729061
severe,0.0608609,0.040644147,0.24670002,0.20160393,0.005183317105404005,0.006168850037939671
