severity,roll_mse,pitch_mse,roll_rmse,pitch_rmse,roll_fcs_fluct,pitch_fcs_fluct
off,0.012411492,0.0051421663,0.11140688,0.0717089,0.0021034403719288755,0.002005689797081264
light,0.013096487,0.006959411,0.11443988,0.083423086,0.0034447366751091733,0.003618378281148157
moderate,0.012477681,0.010105785,0.11170354,0.10052753,0.004844465149768465,0.004836927413243588
severe,0.1020961,0.07057927,0.3195248,0.2656676,0.006498292271373628,0.006317646299671313
