severity,roll_mse,pitch_mse,roll_rmse,pitch_rmse,roll_fcs_fluct,pitch_fcs_fluct
off,0.012534364,0.004562676,0.11195698,0.06754758,0.0008999207537261107,0.0009707336292970121
light,0.013270482,0.005463456,0.11519758,0.07391519,0.0022346372205963813,0.002700728510963872
moderate,0.0130804395,0.009361007,0.11436975,0.0967523,0.0033595714575856417,0.003961155852138253
severe,0.087811545,0.048618197,0.29633012,0.22049534,0.005019356733965292,0.005645306151882518
