severity,roll_mse,pitch_mse,roll_rmse,pitch_rmse,roll_fcs_fluct,pitch_fcs_fluct
off,0.00474174,0.0018743213,0.06886029,0.04329343,0.0009383679176199517,0.0008300761948980986
light,0.0047493014,0.003024383,0.06891517,0.05499439,0.0025307483253443753,0.0029050714384348387
moderate,0.005931175,0.0053522857,0.07701412,0.073159315,0.0038922462311090926,0.004299658306903292
severe,0.054249994,0.03866071,0.23291628,0.19662327,0.005871471667334352,0.006420921545620827
