severity,roll_mse,pitch_mse,roll_rmse,pitch_rmse,roll_fcs_fluct,pitch_fcs_fluct
off,0.0010364577,0.0010867604,0.032194063,0.03296605,0.0004291038042617625,0.0003639753228548679
light,0.0013316707,0.0019602936,0.036492065,0.0442752,0.001979555880437086,0.0025377153946061787
moderate,0.0023112837,0.003957423,0.048075814,0.06290805,0.003072960993253211,0.003990345070817369
severe,0.074029334,0.03060604,0.2720833,0.17494582,0.0045024143841351175,0.006360657727912871
