severity,roll_mse,pitch_mse,roll_rmse,pitch_rmse,roll_fcs_fluct,pitch_fcs_fluct
off,0.00082333887,0.00044459663,0.028693883,0.02108546,0.00040866170630420604,0.0002836100816235336
light,0.0010810435,0.0012708809,0.032879226,0.035649415,0.0021408694016647974,0.0025110887681201594
moderate,0.0017940337,0.003240835,0.042356037,0.056928333,0.0032434223332948077,0.003981486790444228
severe,0.07000803,0.029401878,0.26459032,0.17146976,0.004722921828635865,0.00650547200712733
