severity,roll_mse,pitch_mse,roll_rmse,pitch_rmse,roll_fcs_fluct,pitch_fcs_fluct
off,0.012191784,0.0042154226,0.11041641,0.06492629,0.0015612521222570213,0.0014806353616901057
light,0.012726137,0.005558917,0.11281018,0.07455815,0.0030191928917162486,0.003105501182287005
moderate,0.0120575745,0.008322636,0.109806985,0.09122848,0.004431420196247251,0.004347377916777244
severe,0.09178626,0.06703516,0.30296248,0.2589115,0.006089250559327214,0.005681762301049511
