severity,roll_mse,pitch_mse,roll_rmse,pitch_rmse,roll_fcs_fluct,pitch_fcs_fluct
off,0.005212298,0.002421151,0.072196245,0.04920519,0.0008521438147356809,0.0007536070987088911
light,0.0051909517,0.0036072282,0.07204826,0.060060203,0.0021455883061125176,0.0027451073246607476
moderate,0.006780202,0.0064835087,0.082341984,0.080520235,0.003286789025885506,0.004105188750055129
severe,0.07605912,0.03579317,0.2757882,0.18919083,0.005141074433655152,0.006395527711969448
