severity,roll_mse,pitch_mse,roll_rmse,pitch_rmse,roll_fcs_fluct,pitch_fcs_fluct
off,0.00071542925,0.00026699447,0.02674751,0.016339965,0.00045470725761525784,0.0003505330591113468
light,0.00089951494,0.0008448703,0.029991915,0.029066652,0.002204904540999995,0.0030269821126627226
moderate,0.0013657324,0.0024745504,0.03695582,0.049744852,0.0033664443517448972,0.004785031065280848
severe,0.064061336,0.028088506,0.2531034,0.16759627,0.005195858089814875,0.007712741368363122
