severity,roll_rmse,pitch_rmse,roll_fcs_fluct,pitch_fcs_fluct,avg_rmse,avg_rmse_sem,avg_fcs_fluct,avg_fcs_fluct_sem
off,0.031372905,0.021347152,0.0011129484806267,0.005952487442498,0.026360027,,0.0035327179615624,
off,0.03073263,0.023426218,0.0010163118843654,0.0065047450841049,0.027079424,,0.0037605284842352,
off,0.037599742,0.022442963,0.001069257368182,0.0005179075657334,0.030021353,,0.0007935824669577,
off,0.038028114,0.027869761,0.0015916225601903,0.0036076018989057,0.032948937,,0.002599612229548,
off,0.03660476,0.02522621,0.0081458681640807,0.0057609778919545,0.030915484,,0.0069534230280176,
,,,,,0.029465045000000002,0.0012223559155829773,0.0035279728340641796,0.0010031589547439457
