severity,roll_rmse,pitch_rmse,roll_fcs_fluct,pitch_fcs_fluct,avg_rmse,avg_rmse_sem,avg_fcs_fluct,avg_fcs_fluct_sem
off,0.21416794,0.51955277,0.0115672892290493,0.0656522626764134,0.36686036,,0.0386097759527314,
off,0.1820759,0.23331346,0.0095131788139831,0.0603550481260014,0.20769468,,0.0349341134699923,
off,0.1466691,0.102751486,0.0614584594960338,0.0309637815572365,0.12471029,,0.0462111205266351,
off,0.12568653,0.096780404,0.0224277985731519,0.0565982224966188,0.111233465,,0.0395130105348853,
off,0.15228179,0.14394324,0.0868034849838591,0.0502228765587309,0.1481125,,0.068513180771295,
,,,,,0.191722259,0.04679707986795592,0.04555624025110781,0.006021019661271798
