severity,roll_rmse,pitch_rmse,roll_fcs_fluct,pitch_fcs_fluct,avg_rmse,avg_rmse_sem,avg_fcs_fluct,avg_fcs_fluct_sem
off,0.076735616,0.05802109,0.0055213963930304,0.0425756236517613,0.06737836,,0.0240485100223959,
off,0.07530703,0.0645672,0.0043586566147992,0.041500401525492,0.06993711,,0.0229295290701456,
off,0.086841054,0.05127473,0.0217029429443135,0.0118712267453487,0.0690579,,0.0167870848448311,
off,0.08166851,0.06785647,0.0119175935262312,0.0341215810540445,0.07476249,,0.0230195872901379,
off,0.088024,0.065305576,0.05342420021001,0.031822106101049,0.07666479,,0.0426231531555295,
,,,,,0.07156013,0.0017705255224282981,0.025881572876608,0.004377532788887106
